url,path,content_type,section,indexability,lastmod,priority,image_count,recommended_action,preservation_notes
https://www.visitbondibeach.com/bondi-blog,/bondi-blog,blog-index,blog,indexable,2026-03-24,0.75,1,Keep unchanged,
https://www.visitbondibeach.com/bondi-blog/2026/3/24/bondis-best-cafs-right-now-where-to-eat-sip-and-soak-up-the-beach-vibe,/bondi-blog/2026/3/24/bondis-best-cafs-right-now-where-to-eat-sip-and-soak-up-the-beach-vibe,blog-post-dated,blog,indexable,2026-03-24,0.5,0,Keep unchanged,
https://www.visitbondibeach.com/bondi-blog/2026/2/21/the-ultimate-bondi-beach-travel-guide-2026-edition,/bondi-blog/2026/2/21/the-ultimate-bondi-beach-travel-guide-2026-edition,blog-post-dated,blog,indexable,2026-02-20,0.5,0,Keep unchanged,
https://www.visitbondibeach.com/bondi-blog/2025/12/19/the-inside-story-on-the-bondi-lifeguards-who-ran-toward-danger,/bondi-blog/2025/12/19/the-inside-story-on-the-bondi-lifeguards-who-ran-toward-danger,blog-post-dated,blog,indexable,2025-12-19,0.5,1,Keep unchanged,
https://www.visitbondibeach.com/bondi-blog/2025/10/15/sculpture-by-the-seareturns-to-bondi-and-tamarama-what-you-need-to-know-in-2025,/bondi-blog/2025/10/15/sculpture-by-the-seareturns-to-bondi-and-tamarama-what-you-need-to-know-in-2025,blog-post-dated,blog,indexable,2025-10-18,0.5,0,Keep unchanged,
https://www.visitbondibeach.com/bondi-blog/2025/10/13/are-there-snakes-in-bondi,/bondi-blog/2025/10/13/are-there-snakes-in-bondi,blog-post-dated,blog,indexable,2025-10-14,0.5,1,Keep unchanged,
https://www.visitbondibeach.com/bondi-blog/2025/8/24/the-tcs-sydney-marathon-a-beginners-guide,/bondi-blog/2025/8/24/the-tcs-sydney-marathon-a-beginners-guide,blog-post-dated,blog,indexable,2025-08-23,0.5,0,Keep unchanged,
https://www.visitbondibeach.com/bondi-blog/2025/8/9/the-best-places-to-carb-load-before-the-sydney-marathon,/bondi-blog/2025/8/9/the-best-places-to-carb-load-before-the-sydney-marathon,blog-post-dated,blog,indexable,2025-08-17,0.5,0,Keep unchanged,
https://www.visitbondibeach.com/bondi-blog/2025/8/9/family-fun-in-bondi-during-sydney-marathon-week,/bondi-blog/2025/8/9/family-fun-in-bondi-during-sydney-marathon-week,blog-post-dated,blog,indexable,2025-08-14,0.5,0,Keep unchanged,
https://www.visitbondibeach.com/bondi-blog/2025/8/9/bondi-beach-shakeout-run-the-perfect-pre-marathon-jog,/bondi-blog/2025/8/9/bondi-beach-shakeout-run-the-perfect-pre-marathon-jog,blog-post-dated,blog,indexable,2025-08-09,0.5,0,Keep unchanged,
https://www.visitbondibeach.com/bondi-blog/2025/8/9/the-ultimate-bondi-beach-recovery-guide-for-sydney-marathon-runners,/bondi-blog/2025/8/9/the-ultimate-bondi-beach-recovery-guide-for-sydney-marathon-runners,blog-post-dated,blog,indexable,2025-08-09,0.5,0,Keep unchanged,
https://www.visitbondibeach.com/bondi-blog/2025/7/19/insider-guide-to-sundays-bondi-opening-hours-top-flavours-queue-hacks,/bondi-blog/2025/7/19/insider-guide-to-sundays-bondi-opening-hours-top-flavours-queue-hacks,blog-post-dated,blog,indexable,2025-07-18,0.5,0,Keep unchanged,
https://www.visitbondibeach.com/bondi-blog/2025/6/26/ranked-bondis-top-10-coffee-spots-you-cant-miss,/bondi-blog/2025/6/26/ranked-bondis-top-10-coffee-spots-you-cant-miss,blog-post-dated,blog,indexable,2025-06-26,0.5,0,Keep unchanged,
https://www.visitbondibeach.com/bondi-blog/2025/6/23/bondi-to-bronte-swim-the-ultimate-beginners-guide-to-sydneys-most-iconic-ocean-race,/bondi-blog/2025/6/23/bondi-to-bronte-swim-the-ultimate-beginners-guide-to-sydneys-most-iconic-ocean-race,blog-post-dated,blog,indexable,2025-06-23,0.5,0,Keep unchanged,
https://www.visitbondibeach.com/bondi-blog/2025/6/21/bronte-beach-backpackers-christmas-2025-ultimate-guide-for-the-orphans-christmas-celebration,/bondi-blog/2025/6/21/bronte-beach-backpackers-christmas-2025-ultimate-guide-for-the-orphans-christmas-celebration,blog-post-dated,blog,indexable,2025-06-21,0.5,0,Keep unchanged,
https://www.visitbondibeach.com/bondi-blog/2025/6/18/how-to-train-for-heartbreak-hill-without-being-a-fitness-freak,/bondi-blog/2025/6/18/how-to-train-for-heartbreak-hill-without-being-a-fitness-freak,blog-post-dated,blog,indexable,2025-06-18,0.5,0,Keep unchanged,
https://www.visitbondibeach.com/bondi-blog/2025/6/14/25-essential-hacks-for-starting-a-new-life-in-australia-the-ultimate-aussie-arrival-guide,/bondi-blog/2025/6/14/25-essential-hacks-for-starting-a-new-life-in-australia-the-ultimate-aussie-arrival-guide,blog-post-dated,blog,indexable,2025-06-14,0.5,0,Keep unchanged,
https://www.visitbondibeach.com/bondi-blog/2025/6/4/tamarama-coogee-clovelly-beach-parking-ultimate-guide-to-free-paid-spots,/bondi-blog/2025/6/4/tamarama-coogee-clovelly-beach-parking-ultimate-guide-to-free-paid-spots,blog-post-dated,blog,indexable,2025-06-04,0.5,0,Keep unchanged,
https://www.visitbondibeach.com/bondi-blog/2025/6/4/sydney-airport-taxi-scams-how-to-spot-avoid-costly-rip-offs-for-a-hassle-free-arrival,/bondi-blog/2025/6/4/sydney-airport-taxi-scams-how-to-spot-avoid-costly-rip-offs-for-a-hassle-free-arrival,blog-post-dated,blog,indexable,2025-06-04,0.5,0,Keep unchanged,
https://www.visitbondibeach.com/bondi-blog/2025/5/25/where-to-watch-english-football-in-bondi-the-best-pubs-and-bars-for-premier-league-fans,/bondi-blog/2025/5/25/where-to-watch-english-football-in-bondi-the-best-pubs-and-bars-for-premier-league-fans,blog-post-dated,blog,indexable,2025-05-25,0.5,0,Keep unchanged,
https://www.visitbondibeach.com/bondi-blog/2025/5/25/secret-eats-off-menu-items-you-didnt-know-you-could-order-in-bondi-beach,/bondi-blog/2025/5/25/secret-eats-off-menu-items-you-didnt-know-you-could-order-in-bondi-beach,blog-post-dated,blog,indexable,2025-05-25,0.5,0,Keep unchanged,
https://www.visitbondibeach.com/bondi-blog/2025/5/25/10-hidden-gems-at-bondi-beach-youll-wish-you-discovered-sooner,/bondi-blog/2025/5/25/10-hidden-gems-at-bondi-beach-youll-wish-you-discovered-sooner,blog-post-dated,blog,indexable,2025-05-25,0.5,0,Keep unchanged,
https://www.visitbondibeach.com/bondi-blog/2024/1/19/bondis-best-coffee-shops,/bondi-blog/2024/1/19/bondis-best-coffee-shops,blog-post-dated,blog,indexable,2025-05-22,0.5,2,Keep unchanged,
https://www.visitbondibeach.com/bondi-blog/2025/5/23/rain-or-shine-7-must-do-indoor-activities-in-bondi-beach-on-a-rainy-day,/bondi-blog/2025/5/23/rain-or-shine-7-must-do-indoor-activities-in-bondi-beach-on-a-rainy-day,blog-post-dated,blog,indexable,2025-05-22,0.5,0,Keep unchanged,
https://www.visitbondibeach.com/bondi-blog/2025/5/6/kids-eat-free-in-sydneys-eastern-suburbs-12-family-friendly-dining-deals,/bondi-blog/2025/5/6/kids-eat-free-in-sydneys-eastern-suburbs-12-family-friendly-dining-deals,blog-post-dated,blog,indexable,2025-05-06,0.5,0,Keep unchanged,
https://www.visitbondibeach.com/bondi-blog/2025/5/6/10-things-you-need-to-know-before-running-the-city2surf,/bondi-blog/2025/5/6/10-things-you-need-to-know-before-running-the-city2surf,blog-post-dated,blog,indexable,2025-05-05,0.5,0,Keep unchanged,
https://www.visitbondibeach.com/bondi-blog/2025/4/30/bondi-icebergs-ocean-pool-faq-20-essential-questions-answered-hours-fees-membership-more,/bondi-blog/2025/4/30/bondi-icebergs-ocean-pool-faq-20-essential-questions-answered-hours-fees-membership-more,blog-post-dated,blog,indexable,2025-04-30,0.5,0,Keep unchanged,
https://www.visitbondibeach.com/bondi-blog/2025/4/30/ultimate-bondi-beach-travel-guide-how-to-get-there-when-to-visit-top-things-to-do,/bondi-blog/2025/4/30/ultimate-bondi-beach-travel-guide-how-to-get-there-when-to-visit-top-things-to-do,blog-post-dated,blog,indexable,2025-04-30,0.5,0,Keep unchanged,
https://www.visitbondibeach.com/bondi-blog/2025/4/29/ultimate-wet-weather-guide-to-bondi-rainy-day-activities-tips,/bondi-blog/2025/4/29/ultimate-wet-weather-guide-to-bondi-rainy-day-activities-tips,blog-post-dated,blog,indexable,2025-04-29,0.5,0,Keep unchanged,
https://www.visitbondibeach.com/bondi-blog/2025/4/29/can-kids-swim-at-bondi-icebergs-family-swimming-guide,/bondi-blog/2025/4/29/can-kids-swim-at-bondi-icebergs-family-swimming-guide,blog-post-dated,blog,indexable,2025-04-29,0.5,0,Keep unchanged,
https://www.visitbondibeach.com/bondi-blog/2025/4/29/behind-the-scenes-at-bondi-rescue-20-things-you-may-not-know-about-the-show,/bondi-blog/2025/4/29/behind-the-scenes-at-bondi-rescue-20-things-you-may-not-know-about-the-show,blog-post-dated,blog,indexable,2025-04-29,0.5,0,Keep unchanged,
https://www.visitbondibeach.com/bondi-blog/2025/4/27/top-10-bondi-cafs-in-2025-best-coffee-brunch-by-the-beach,/bondi-blog/2025/4/27/top-10-bondi-cafs-in-2025-best-coffee-brunch-by-the-beach,blog-post-dated,blog,indexable,2025-04-27,0.5,0,Keep unchanged,
https://www.visitbondibeach.com/bondi-blog/2025/4/27/how-to-score-a-booking-at-tottis-bondi-without-the-stress,/bondi-blog/2025/4/27/how-to-score-a-booking-at-tottis-bondi-without-the-stress,blog-post-dated,blog,indexable,2025-04-27,0.5,0,Keep unchanged,
https://www.visitbondibeach.com/bondi-blog/2025/4/27/whale-watching-season-at-bondi-2025-everything-you-need-to-know,/bondi-blog/2025/4/27/whale-watching-season-at-bondi-2025-everything-you-need-to-know,blog-post-dated,blog,indexable,2025-04-27,0.5,0,Keep unchanged,
https://www.visitbondibeach.com/bondi-blog/2025/4/25/10-must-try-bondi-beach-bars-backed-in-2025,/bondi-blog/2025/4/25/10-must-try-bondi-beach-bars-backed-in-2025,blog-post-dated,blog,indexable,2025-04-25,0.5,0,Keep unchanged,
https://www.visitbondibeach.com/bondi-blog/2025/4/25/must-experience-bondi-restaurants-our-top-10-best-restaurants-ranked,/bondi-blog/2025/4/25/must-experience-bondi-restaurants-our-top-10-best-restaurants-ranked,blog-post-dated,blog,indexable,2025-04-25,0.5,0,Keep unchanged,
https://www.visitbondibeach.com/bondi-blog/2025/4/25/ultimate-bondi-beach-parking-guide-free-and-paid-options-for-busy-days,/bondi-blog/2025/4/25/ultimate-bondi-beach-parking-guide-free-and-paid-options-for-busy-days,blog-post-dated,blog,indexable,2025-10-18,0.5,1,Keep unchanged,
https://www.visitbondibeach.com/bondi-blog/2025/4/25/9-unique-bondi-beach-experiences-to-try-beyond-the-sand-and-surf,/bondi-blog/2025/4/25/9-unique-bondi-beach-experiences-to-try-beyond-the-sand-and-surf,blog-post-dated,blog,indexable,2025-04-25,0.5,0,Keep unchanged,
https://www.visitbondibeach.com/bondi-blog/2025/4/23/8-things-to-know-before-visiting-bondi-beach,/bondi-blog/2025/4/23/8-things-to-know-before-visiting-bondi-beach,blog-post-dated,blog,indexable,2025-04-23,0.5,0,Keep unchanged,
https://www.visitbondibeach.com/bondi-blog/2025/4/15/your-complete-guide-to-christmas-day-at-bronte-beach-sydney-december-25-2025,/bondi-blog/2025/4/15/your-complete-guide-to-christmas-day-at-bronte-beach-sydney-december-25-2025,blog-post-dated,blog,indexable,2025-04-15,0.5,0,Keep unchanged,
https://www.visitbondibeach.com/bondi-blog/2025/4/2/bondi-icebergs-closed-due-to-destructive-waves,/bondi-blog/2025/4/2/bondi-icebergs-closed-due-to-destructive-waves,blog-post-dated,blog,indexable,2025-04-02,0.5,0,Keep unchanged,
https://www.visitbondibeach.com/bondi-blog/2023/4/1/l0k8f8ky8s4yf6dxrl7mo9r4s25vx7,/bondi-blog/2023/4/1/l0k8f8ky8s4yf6dxrl7mo9r4s25vx7,blog-post-dated,blog,indexable,2025-03-26,0.5,0,Requires manual review (auto-generated slug),
https://www.visitbondibeach.com/bondi-blog/2024/4/1/city2surf-course-map,/bondi-blog/2024/4/1/city2surf-course-map,blog-post-dated,blog,indexable,2025-03-26,0.5,1,Keep unchanged,
https://www.visitbondibeach.com/bondi-blog/where-to-go-afterparty-city-to-surf,/bondi-blog/where-to-go-afterparty-city-to-surf,blog-post-legacy,blog,indexable,2025-07-31,0.5,1,Keep unchanged,
https://www.visitbondibeach.com/bondi-blog/ultimate-guide-city-to-surf,/bondi-blog/ultimate-guide-city-to-surf,blog-post-legacy,blog,indexable,2025-03-26,0.5,2,Keep unchanged,
https://www.visitbondibeach.com/bondi-blog/2025/3/21/bondi-beach-new-years-eve-festival-returns-council-approves-iconic-celebrations-revival,/bondi-blog/2025/3/21/bondi-beach-new-years-eve-festival-returns-council-approves-iconic-celebrations-revival,blog-post-dated,blog,indexable,2025-03-20,0.5,0,Keep unchanged,
https://www.visitbondibeach.com/bondi-blog/2025/3/8/best-time-to-visit-bondi-beach-seasonal-guide-to-weather-events,/bondi-blog/2025/3/8/best-time-to-visit-bondi-beach-seasonal-guide-to-weather-events,blog-post-dated,blog,indexable,2025-03-09,0.5,0,Keep unchanged,
https://www.visitbondibeach.com/bondi-blog/2025/3/8/the-ultimate-bondi-beach-travel-guide-must-see-spots-hidden-gems,/bondi-blog/2025/3/8/the-ultimate-bondi-beach-travel-guide-must-see-spots-hidden-gems,blog-post-dated,blog,indexable,2025-03-08,0.5,0,Keep unchanged,
https://www.visitbondibeach.com/bondi-blog/2024/12/26/australias-best-christmas-party-at-sydneys-bronte-beach,/bondi-blog/2024/12/26/australias-best-christmas-party-at-sydneys-bronte-beach,blog-post-dated,blog,indexable,2025-01-31,0.5,1,Keep unchanged,
https://www.visitbondibeach.com/bondi-blog/2025/1/20/does-bondi-beach-ever-close,/bondi-blog/2025/1/20/does-bondi-beach-ever-close,blog-post-dated,blog,indexable,2025-01-20,0.5,0,Keep unchanged,
https://www.visitbondibeach.com/bondi-blog/2025/1/20/locals-guide-to-free-bbq-spots-at-bondi-bronte-tamarama,/bondi-blog/2025/1/20/locals-guide-to-free-bbq-spots-at-bondi-bronte-tamarama,blog-post-dated,blog,indexable,2025-01-19,0.5,0,Keep unchanged,
https://www.visitbondibeach.com/bondi-blog/2025/1/5/the-best-places-to-sit-on-bondi-beach-a-complete-guide,/bondi-blog/2025/1/5/the-best-places-to-sit-on-bondi-beach-a-complete-guide,blog-post-dated,blog,indexable,2025-01-15,0.5,0,Keep unchanged,
https://www.visitbondibeach.com/bondi-blog/2025/1/5/who-can-swim-at-bondi-icebergs-ocean-pool,/bondi-blog/2025/1/5/who-can-swim-at-bondi-icebergs-ocean-pool,blog-post-dated,blog,indexable,2025-01-12,0.5,0,Keep unchanged,
https://www.visitbondibeach.com/bondi-blog/2025/1/12/the-20-most-dramatic-moments-on-bondi-rescue,/bondi-blog/2025/1/12/the-20-most-dramatic-moments-on-bondi-rescue,blog-post-dated,blog,indexable,2025-01-11,0.5,0,Keep unchanged,
https://www.visitbondibeach.com/bondi-blog/2025/1/10/the-best-places-to-snorkel-in-and-around-bondi,/bondi-blog/2025/1/10/the-best-places-to-snorkel-in-and-around-bondi,blog-post-dated,blog,indexable,2025-01-09,0.5,0,Keep unchanged,
https://www.visitbondibeach.com/bondi-blog/2025/1/5/understanding-bondi-beach-safety-signs,/bondi-blog/2025/1/5/understanding-bondi-beach-safety-signs,blog-post-dated,blog,indexable,2025-01-09,0.5,0,Keep unchanged,
https://www.visitbondibeach.com/bondi-blog/2025/1/7/top-things-to-do-in-bondi-for-kids-during-school-holidays,/bondi-blog/2025/1/7/top-things-to-do-in-bondi-for-kids-during-school-holidays,blog-post-dated,blog,indexable,2025-01-06,0.5,0,Keep unchanged,
https://www.visitbondibeach.com/bondi-blog/2025/1/5/exploring-bondi-beach-a-guide-to-wheelchair-access,/bondi-blog/2025/1/5/exploring-bondi-beach-a-guide-to-wheelchair-access,blog-post-dated,blog,indexable,2025-01-05,0.5,0,Keep unchanged,
https://www.visitbondibeach.com/bondi-blog/2025/1/5/are-there-thieves-or-pickpockets-at-bondi-beach,/bondi-blog/2025/1/5/are-there-thieves-or-pickpockets-at-bondi-beach,blog-post-dated,blog,indexable,2025-01-05,0.5,0,Keep unchanged,
https://www.visitbondibeach.com/bondi-blog/2025/1/5/surf-lifesaving-patrol-hours-at-bondi-bronte-tamarama,/bondi-blog/2025/1/5/surf-lifesaving-patrol-hours-at-bondi-bronte-tamarama,blog-post-dated,blog,indexable,2025-01-05,0.5,0,Keep unchanged,
https://www.visitbondibeach.com/bondi-blog/2025/1/5/catch-the-waves-live-bondi-beach-surf-cam,/bondi-blog/2025/1/5/catch-the-waves-live-bondi-beach-surf-cam,blog-post-dated,blog,indexable,2025-01-05,0.5,0,Keep unchanged,
https://www.visitbondibeach.com/bondi-blog/2025/1/4/nielsen-park-your-guide-to-sydneys-beloved-coastal-escape,/bondi-blog/2025/1/4/nielsen-park-your-guide-to-sydneys-beloved-coastal-escape,blog-post-dated,blog,indexable,2025-01-04,0.5,0,Keep unchanged,
https://www.visitbondibeach.com/bondi-blog/2025/1/2/how-far-is-bondi-beach-from-key-sydney-locations,/bondi-blog/2025/1/2/how-far-is-bondi-beach-from-key-sydney-locations,blog-post-dated,blog,indexable,2025-01-01,0.5,0,Keep unchanged,
https://www.visitbondibeach.com/bondi-blog/2024/3/19/bondis-best-running-routes,/bondi-blog/2024/3/19/bondis-best-running-routes,blog-post-dated,blog,indexable,2025-01-01,0.5,0,Keep unchanged,
https://www.visitbondibeach.com/bondi-blog/2025/1/1/top-50-activities-to-do-in-sydney-a-locals-guide,/bondi-blog/2025/1/1/top-50-activities-to-do-in-sydney-a-locals-guide,blog-post-dated,blog,indexable,2025-01-01,0.5,0,Keep unchanged,
https://www.visitbondibeach.com/bondi-blog/2025/1/1/locals-guide-to-sydneys-20-best-hidden-beaches,/bondi-blog/2025/1/1/locals-guide-to-sydneys-20-best-hidden-beaches,blog-post-dated,blog,indexable,2025-01-01,0.5,0,Keep unchanged,
https://www.visitbondibeach.com/bondi-blog/2023/12/13/celebrating-new-years-day-with-a-dutch-twist-at-bondi-beach,/bondi-blog/2023/12/13/celebrating-new-years-day-with-a-dutch-twist-at-bondi-beach,blog-post-dated,blog,indexable,2025-01-05,0.5,1,Keep unchanged,
https://www.visitbondibeach.com/bondi-blog/2024/12/26/can-you-jump-from-the-cliff-at-bronte-beach,/bondi-blog/2024/12/26/can-you-jump-from-the-cliff-at-bronte-beach,blog-post-dated,blog,indexable,2024-12-25,0.5,0,Keep unchanged,
https://www.visitbondibeach.com/bondi-blog/2024/12/13/moving-to-bondi-your-complete-guide-to-life-by-the-beach,/bondi-blog/2024/12/13/moving-to-bondi-your-complete-guide-to-life-by-the-beach,blog-post-dated,blog,indexable,2024-12-13,0.5,0,Keep unchanged,
https://www.visitbondibeach.com/bondi-blog/2024/12/13/bondi-beach-travel-guide-50-frequently-asked-questions-for-first-time-visitors,/bondi-blog/2024/12/13/bondi-beach-travel-guide-50-frequently-asked-questions-for-first-time-visitors,blog-post-dated,blog,indexable,2024-12-12,0.5,0,Keep unchanged,
https://www.visitbondibeach.com/bondi-blog/2024/12/1/ranked-20-most-dramatic-bondi-rescue-rescues,/bondi-blog/2024/12/1/ranked-20-most-dramatic-bondi-rescue-rescues,blog-post-dated,blog,indexable,2024-12-03,0.5,0,Keep unchanged,
https://www.visitbondibeach.com/bondi-blog/2024/12/1/a-festive-guide-best-streets-in-and-around-bondi-to-see-christmas-lights,/bondi-blog/2024/12/1/a-festive-guide-best-streets-in-and-around-bondi-to-see-christmas-lights,blog-post-dated,blog,indexable,2024-12-18,0.5,1,Keep unchanged,
https://www.visitbondibeach.com/bondi-blog/2023/12/13/christmas-day-at-bondi-beach,/bondi-blog/2023/12/13/christmas-day-at-bondi-beach,blog-post-dated,blog,indexable,2024-11-26,0.5,2,Keep unchanged,
https://www.visitbondibeach.com/bondi-blog/2023/12/26/celebrating-christmas-day-at-bronte-beach-australias-biggest-christmas-party,/bondi-blog/2023/12/26/celebrating-christmas-day-at-bronte-beach-australias-biggest-christmas-party,blog-post-dated,blog,indexable,2024-10-28,0.5,5,Keep unchanged,
https://www.visitbondibeach.com/bondi-blog/2024/10/17/sydney-beaches-closed-as-mystery-tar-balls-reach-bondi-beach,/bondi-blog/2024/10/17/sydney-beaches-closed-as-mystery-tar-balls-reach-bondi-beach,blog-post-dated,blog,indexable,2024-10-18,0.5,0,Keep unchanged,
https://www.visitbondibeach.com/bondi-blog/2024/10/9/best-bondi-beach-tours-for-sydney-visitors,/bondi-blog/2024/10/9/best-bondi-beach-tours-for-sydney-visitors,blog-post-dated,blog,indexable,2024-10-09,0.5,0,Keep unchanged,
https://www.visitbondibeach.com/bondi-blog/2024/10/1/the-great-bondi-crumbl-cookie-scam,/bondi-blog/2024/10/1/the-great-bondi-crumbl-cookie-scam,blog-post-dated,blog,indexable,2024-10-01,0.5,0,Keep unchanged,
https://www.visitbondibeach.com/bondi-blog/2024/9/21/can-the-public-swim-at-bondi-icebergs-ocean-pool,/bondi-blog/2024/9/21/can-the-public-swim-at-bondi-icebergs-ocean-pool,blog-post-dated,blog,indexable,2024-09-27,0.5,0,Keep unchanged,
https://www.visitbondibeach.com/bondi-blog/2023/11/17/tee-off-with-a-view-discover-bondi-golf-diggers-club,/bondi-blog/2023/11/17/tee-off-with-a-view-discover-bondi-golf-diggers-club,blog-post-dated,blog,indexable,2024-09-24,0.5,0,Keep unchanged,
https://www.visitbondibeach.com/bondi-blog/2024/9/23/locals-guide-to-the-best-kids-playgrounds-around-bondi,/bondi-blog/2024/9/23/locals-guide-to-the-best-kids-playgrounds-around-bondi,blog-post-dated,blog,indexable,2024-09-23,0.5,0,Keep unchanged,
https://www.visitbondibeach.com/bondi-blog/2024/9/21/locals-guide-to-bondi-beachs-best-ice-cream,/bondi-blog/2024/9/21/locals-guide-to-bondi-beachs-best-ice-cream,blog-post-dated,blog,indexable,2024-09-22,0.5,0,Keep unchanged,
https://www.visitbondibeach.com/bondi-blog/2024/9/21/the-bondi-hum-real-or-hoax,/bondi-blog/2024/9/21/the-bondi-hum-real-or-hoax,blog-post-dated,blog,indexable,2024-09-21,0.5,0,Keep unchanged,
https://www.visitbondibeach.com/bondi-blog/2024/9/20/is-bondi-junction-the-same-as-bondi-beach,/bondi-blog/2024/9/20/is-bondi-junction-the-same-as-bondi-beach,blog-post-dated,blog,indexable,2024-09-19,0.5,0,Keep unchanged,
https://www.visitbondibeach.com/bondi-blog/2024/9/18/guide-to-metal-detecting-at-bondi-beach,/bondi-blog/2024/9/18/guide-to-metal-detecting-at-bondi-beach,blog-post-dated,blog,indexable,2024-09-18,0.5,0,Keep unchanged,
https://www.visitbondibeach.com/bondi-blog/2024/9/16/how-to-find-a-housemate-in-bondi-beach,/bondi-blog/2024/9/16/how-to-find-a-housemate-in-bondi-beach,blog-post-dated,blog,indexable,2024-09-16,0.5,0,Keep unchanged,
https://www.visitbondibeach.com/bondi-blog/2024/9/12/why-bondi-beach-is-so-famous-history-fame-and-culture,/bondi-blog/2024/9/12/why-bondi-beach-is-so-famous-history-fame-and-culture,blog-post-dated,blog,indexable,2024-09-12,0.5,0,Keep unchanged,
https://www.visitbondibeach.com/bondi-blog/2024/9/8/is-it-safe-to-swim-at-bondi-beach-a-complete-guide,/bondi-blog/2024/9/8/is-it-safe-to-swim-at-bondi-beach-a-complete-guide,blog-post-dated,blog,indexable,2024-09-08,0.5,0,Keep unchanged,
https://www.visitbondibeach.com/bondi-blog/2024/9/7/the-best-vegetarian-and-vegan-restaurants-in-bondi-beach,/bondi-blog/2024/9/7/the-best-vegetarian-and-vegan-restaurants-in-bondi-beach,blog-post-dated,blog,indexable,2024-09-07,0.5,0,Keep unchanged,
https://www.visitbondibeach.com/bondi-blog/2024/9/7/getting-to-sydney-marathon-from-bondi-beach,/bondi-blog/2024/9/7/getting-to-sydney-marathon-from-bondi-beach,blog-post-dated,blog,indexable,2024-09-07,0.5,0,Keep unchanged,
https://www.visitbondibeach.com/bondi-blog/2024/9/7/an-insiders-guide-to-the-sydney-marathon-2024,/bondi-blog/2024/9/7/an-insiders-guide-to-the-sydney-marathon-2024,blog-post-dated,blog,indexable,2024-09-07,0.5,0,Keep unchanged,
https://www.visitbondibeach.com/bondi-blog/2024/9/13/25-reasons-why-sydney-is-better-than-melbourne,/bondi-blog/2024/9/13/25-reasons-why-sydney-is-better-than-melbourne,blog-post-dated,blog,indexable,2024-09-13,0.5,0,Keep unchanged,
https://www.visitbondibeach.com/bondi-blog/2023/9/9/soaring-high-at-bondi-beach-festival-of-the-winds,/bondi-blog/2023/9/9/soaring-high-at-bondi-beach-festival-of-the-winds,blog-post-dated,blog,indexable,2024-08-26,0.5,1,Keep unchanged,
https://www.visitbondibeach.com/bondi-blog/2024/8/28/average-sea-temperatures-at-bondi-beach-month-by-month-guide,/bondi-blog/2024/8/28/average-sea-temperatures-at-bondi-beach-month-by-month-guide,blog-post-dated,blog,indexable,2024-08-28,0.5,1,Keep unchanged,
https://www.visitbondibeach.com/bondi-blog/city2surf-results,/bondi-blog/city2surf-results,blog-post-legacy,blog,indexable,2024-08-12,0.5,1,Keep unchanged,
https://www.visitbondibeach.com/bondi-blog/2024/7/25/help-3-week-city2surf-training-plan,/bondi-blog/2024/7/25/help-3-week-city2surf-training-plan,blog-post-dated,blog,indexable,2024-07-25,0.5,0,Keep unchanged,
https://www.visitbondibeach.com/bondi-blog/2024/6/9/the-best-time-to-visit-bondi-beach-a-seasonal-guide,/bondi-blog/2024/6/9/the-best-time-to-visit-bondi-beach-a-seasonal-guide,blog-post-dated,blog,indexable,2024-06-09,0.5,0,Keep unchanged,
https://www.visitbondibeach.com/bondi-blog/whale-watching-bondi-guide-2024,/bondi-blog/whale-watching-bondi-guide-2024,blog-post-legacy,blog,indexable,2024-06-06,0.5,0,Keep unchanged,
https://www.visitbondibeach.com/bondi-blog/2024/4/6/storm-chaos-forced-closures-around-bondi-beach,/bondi-blog/2024/4/6/storm-chaos-forced-closures-around-bondi-beach,blog-post-dated,blog,indexable,2024-04-06,0.5,1,Keep unchanged,
https://www.visitbondibeach.com/bondi-blog/2024/2/12/an-insiders-guide-to-the-best-ice-cream-in-bondi,/bondi-blog/2024/2/12/an-insiders-guide-to-the-best-ice-cream-in-bondi,blog-post-dated,blog,indexable,2024-02-12,0.5,0,Keep unchanged,
https://www.visitbondibeach.com/bondi-blog/2024/2/9/sydneys-mystery-beach-at-mackenzies-bay,/bondi-blog/2024/2/9/sydneys-mystery-beach-at-mackenzies-bay,blog-post-dated,blog,indexable,2024-02-09,0.5,0,Keep unchanged,
https://www.visitbondibeach.com/bondi-blog/2024/1/21/is-bondi-beach-a-safe-area-crime-rate,/bondi-blog/2024/1/21/is-bondi-beach-a-safe-area-crime-rate,blog-post-dated,blog,indexable,2024-02-03,0.5,0,Keep unchanged,
https://www.visitbondibeach.com/bondi-blog/2024/1/25/can-you-see-dolphins-at-bondi-beach,/bondi-blog/2024/1/25/can-you-see-dolphins-at-bondi-beach,blog-post-dated,blog,indexable,2024-01-25,0.5,0,Keep unchanged,
https://www.visitbondibeach.com/bondi-blog/2024/1/20/is-bondi-beach-water-clean-or-polluted,/bondi-blog/2024/1/20/is-bondi-beach-water-clean-or-polluted,blog-post-dated,blog,indexable,2024-01-21,0.5,1,Keep unchanged,
https://www.visitbondibeach.com/bondi-blog/2024/1/13/a-guide-to-australia-day-at-bondi-beach,/bondi-blog/2024/1/13/a-guide-to-australia-day-at-bondi-beach,blog-post-dated,blog,indexable,2024-01-24,0.5,0,Keep unchanged,
https://www.visitbondibeach.com/bondi-blog/everything-to-know-bondi-salties-ocean-swimming,/bondi-blog/everything-to-know-bondi-salties-ocean-swimming,blog-post-legacy,blog,indexable,2024-01-11,0.5,1,Keep unchanged,
https://www.visitbondibeach.com/bondi-blog/2024/1/7/sydneys-best-playground-in-the-heart-of-bondi,/bondi-blog/2024/1/7/sydneys-best-playground-in-the-heart-of-bondi,blog-post-dated,blog,indexable,2024-01-09,0.5,1,Keep unchanged,
https://www.visitbondibeach.com/bondi-blog/2024/1/1/must-do-bondi-summer-activities-for-first-time-visitors,/bondi-blog/2024/1/1/must-do-bondi-summer-activities-for-first-time-visitors,blog-post-dated,blog,indexable,2023-12-31,0.5,1,Keep unchanged,
https://www.visitbondibeach.com/bondi-blog/2023/11/9/2024-bondi-beach-event-calendar,/bondi-blog/2023/11/9/2024-bondi-beach-event-calendar,blog-post-dated,blog,indexable,2023-12-31,0.5,0,Keep unchanged,
https://www.visitbondibeach.com/bondi-blog/2023/12/28/insiders-guide-to-new-years-day-at-bondi,/bondi-blog/2023/12/28/insiders-guide-to-new-years-day-at-bondi,blog-post-dated,blog,indexable,2023-12-28,0.5,0,Keep unchanged,
https://www.visitbondibeach.com/bondi-blog/2023/12/26/gwyneth-paltrows-bondi-recommendations-one-we-cant-agree-with,/bondi-blog/2023/12/26/gwyneth-paltrows-bondi-recommendations-one-we-cant-agree-with,blog-post-dated,blog,indexable,2023-12-28,0.5,0,Keep unchanged,
https://www.visitbondibeach.com/bondi-blog/2023/12/24/insiders-guide-to-new-years-eve-at-bondi-beach,/bondi-blog/2023/12/24/insiders-guide-to-new-years-eve-at-bondi-beach,blog-post-dated,blog,indexable,2023-12-29,0.5,0,Keep unchanged,
https://www.visitbondibeach.com/bondi-blog/2023/12/20/christmas-2024-bondi-weather-forecast,/bondi-blog/2023/12/20/christmas-2024-bondi-weather-forecast,blog-post-dated,blog,indexable,2023-12-19,0.5,0,Keep unchanged,
https://www.visitbondibeach.com/bondi-blog/2023/12/10/from-the-mundane-to-the-outrageous-ranking-the-most-memorable-headline-grabbing-stories-from-bondi-local-loop,/bondi-blog/2023/12/10/from-the-mundane-to-the-outrageous-ranking-the-most-memorable-headline-grabbing-stories-from-bondi-local-loop,blog-post-dated,blog,indexable,2023-12-14,0.5,4,Keep unchanged,
https://www.visitbondibeach.com/bondi-blog/2023/10/18/bondi-beach-etiquette-guide,/bondi-blog/2023/10/18/bondi-beach-etiquette-guide,blog-post-dated,blog,indexable,2024-01-16,0.5,1,Keep unchanged,
https://www.visitbondibeach.com/bondi-blog/2023/11/17/a-parents-guide-to-bondi-beach-activities-eats-and-entertainment-for-kids,/bondi-blog/2023/11/17/a-parents-guide-to-bondi-beach-activities-eats-and-entertainment-for-kids,blog-post-dated,blog,indexable,2023-11-28,0.5,1,Keep unchanged,
https://www.visitbondibeach.com/bondi-blog/2023/11/20/an-insiders-guide-to-finding-a-car-park-at-bronte-beach,/bondi-blog/2023/11/20/an-insiders-guide-to-finding-a-car-park-at-bronte-beach,blog-post-dated,blog,indexable,2023-11-20,0.5,0,Keep unchanged,
https://www.visitbondibeach.com/bondi-blog/2023/11/16/hxnovb41qon8zebftsjodt0g8tvhde,/bondi-blog/2023/11/16/hxnovb41qon8zebftsjodt0g8tvhde,blog-post-dated,blog,indexable,2023-11-24,0.5,1,Requires manual review (auto-generated slug),
https://www.visitbondibeach.com/bondi-blog/how-to-pronounce-bondi-beach,/bondi-blog/how-to-pronounce-bondi-beach,blog-post-legacy,blog,indexable,2023-12-31,0.5,0,Keep unchanged,
https://www.visitbondibeach.com/bondi-blog/2023/11/16/insiders-guide-to-the-bronte-ocean-pool,/bondi-blog/2023/11/16/insiders-guide-to-the-bronte-ocean-pool,blog-post-dated,blog,indexable,2023-11-16,0.5,2,Keep unchanged,
https://www.visitbondibeach.com/bondi-blog/2023/11/8/definitive-guide-to-bondis-best-restaurants,/bondi-blog/2023/11/8/definitive-guide-to-bondis-best-restaurants,blog-post-dated,blog,indexable,2023-11-11,0.5,0,Keep unchanged,
https://www.visitbondibeach.com/bondi-blog/2023/11/9/the-440-run-club-at-bronte-beach-sydneys-open-invitation-for-runners,/bondi-blog/2023/11/9/the-440-run-club-at-bronte-beach-sydneys-open-invitation-for-runners,blog-post-dated,blog,indexable,2023-11-15,0.5,1,Keep unchanged,
https://www.visitbondibeach.com/bondi-blog/2023/11/7/the-safest-place-to-swim-at-bondi-beach,/bondi-blog/2023/11/7/the-safest-place-to-swim-at-bondi-beach,blog-post-dated,blog,indexable,2023-11-06,0.5,1,Keep unchanged,
https://www.visitbondibeach.com/bondi-blog/2023/11/5/things-to-do-at-bondi-beach-in-the-rain,/bondi-blog/2023/11/5/things-to-do-at-bondi-beach-in-the-rain,blog-post-dated,blog,indexable,2023-11-04,0.5,0,Keep unchanged,
https://www.visitbondibeach.com/bondi-blog/2023/9/28/bondi-beach-and-the-shark-question-unraveling-the-mystery,/bondi-blog/2023/9/28/bondi-beach-and-the-shark-question-unraveling-the-mystery,blog-post-dated,blog,indexable,2023-10-07,0.5,0,Keep unchanged,
https://www.visitbondibeach.com/bondi-blog/2023/10/4/finding-free-parking-at-bondi-beach-made-easy,/bondi-blog/2023/10/4/finding-free-parking-at-bondi-beach-made-easy,blog-post-dated,blog,indexable,2025-10-18,0.5,1,Keep unchanged,
https://www.visitbondibeach.com/bondi-blog/2023/10/1/daylight-saving-time-in-sydney-a-quick-guide-to-octobers-clock-change,/bondi-blog/2023/10/1/daylight-saving-time-in-sydney-a-quick-guide-to-octobers-clock-change,blog-post-dated,blog,indexable,2023-09-30,0.5,0,Keep unchanged,
https://www.visitbondibeach.com/bondi-blog/2023/9/21/sculptures-by-the-sea-at-bondi-a-comprehensive-guide-to-art-by-the-ocean,/bondi-blog/2023/9/21/sculptures-by-the-sea-at-bondi-a-comprehensive-guide-to-art-by-the-ocean,blog-post-dated,blog,indexable,2023-09-30,0.5,1,Keep unchanged,
https://www.visitbondibeach.com/bondi-blog/2023/9/19/a-guide-to-the-bondi-beach-sunday-drummer,/bondi-blog/2023/9/19/a-guide-to-the-bondi-beach-sunday-drummer,blog-post-dated,blog,indexable,2023-09-26,0.5,1,Keep unchanged,
https://www.visitbondibeach.com/bondi-blog/2023/9/21/walking-on-sunshine-the-ultimate-guide-to-the-bondi-to-bronte-coastal-walk,/bondi-blog/2023/9/21/walking-on-sunshine-the-ultimate-guide-to-the-bondi-to-bronte-coastal-walk,blog-post-dated,blog,indexable,2023-09-23,0.5,2,Keep unchanged,
https://www.visitbondibeach.com/bondi-blog/2023/9/22/el-nio-and-its-unexpected-chilly-effect-on-bondis-sea-temperature,/bondi-blog/2023/9/22/el-nio-and-its-unexpected-chilly-effect-on-bondis-sea-temperature,blog-post-dated,blog,indexable,2023-09-22,0.5,1,Keep unchanged,
https://www.visitbondibeach.com/bondi-blog/2023/9/20/chasing-sunrise-bondi-beachs-perfect-weather-conditions,/bondi-blog/2023/9/20/chasing-sunrise-bondi-beachs-perfect-weather-conditions,blog-post-dated,blog,indexable,2023-09-20,0.5,2,Keep unchanged,
https://www.visitbondibeach.com/bondi-blog/waverley-cemetery-sydney-australia,/bondi-blog/waverley-cemetery-sydney-australia,blog-post-legacy,blog,indexable,2023-09-16,0.5,1,Keep unchanged,
https://www.visitbondibeach.com/bondi-blog/2023/9/11/can-you-fly-a-drone-at-bondi-beach-the-dos-and-donts-of-aerial-photography,/bondi-blog/2023/9/11/can-you-fly-a-drone-at-bondi-beach-the-dos-and-donts-of-aerial-photography,blog-post-dated,blog,indexable,2023-09-11,0.5,1,Keep unchanged,
https://www.visitbondibeach.com/bondi-blog/2023/9/4/bond-market-sunday-guide,/bondi-blog/2023/9/4/bond-market-sunday-guide,blog-post-dated,blog,indexable,2023-09-11,0.5,0,Keep unchanged,
https://www.visitbondibeach.com/bondi-blog/2023/9/5/20-obscure-facts-about-bondi-rescue,/bondi-blog/2023/9/5/20-obscure-facts-about-bondi-rescue,blog-post-dated,blog,indexable,2023-09-06,0.5,1,Keep unchanged,
https://www.visitbondibeach.com/bondi-blog/what-to-do-bondi-beach-travel-guide,/bondi-blog/what-to-do-bondi-beach-travel-guide,blog-post-legacy,blog,indexable,2023-09-04,0.5,5,Keep unchanged,
https://www.visitbondibeach.com/bondi-blog/best-backpacker-hostels-bondi-beach,/bondi-blog/best-backpacker-hostels-bondi-beach,blog-post-legacy,blog,indexable,2023-09-11,0.5,3,Keep unchanged,
https://www.visitbondibeach.com/bondi-blog/2023/8/29/mackenzies-bay-is-back-the-ultimate-sydney-hidden-gem,/bondi-blog/2023/8/29/mackenzies-bay-is-back-the-ultimate-sydney-hidden-gem,blog-post-dated,blog,indexable,2024-02-07,0.5,1,Keep unchanged,
https://www.visitbondibeach.com/bondi-blog/2023/8/22/bondis-saturday-farmers-market-your-complete-guide-to-fresh-local-produce-by-the-beach,/bondi-blog/2023/8/22/bondis-saturday-farmers-market-your-complete-guide-to-fresh-local-produce-by-the-beach,blog-post-dated,blog,indexable,2023-09-11,0.5,0,Keep unchanged,
https://www.visitbondibeach.com/bondi-blog/bondi-muscle-beach,/bondi-blog/bondi-muscle-beach,blog-post-legacy,blog,indexable,2023-08-22,0.5,1,Keep unchanged,
https://www.visitbondibeach.com/bondi-blog/2023/8/10/a-guide-to-sydneys-eastern-suburbs-beaches,/bondi-blog/2023/8/10/a-guide-to-sydneys-eastern-suburbs-beaches,blog-post-dated,blog,indexable,2023-08-22,0.5,1,Keep unchanged,
https://www.visitbondibeach.com/bondi-blog/bondi-beach-surf-guide,/bondi-blog/bondi-beach-surf-guide,blog-post-legacy,blog,indexable,2023-08-10,0.5,1,Keep unchanged,
https://www.visitbondibeach.com/bondi-blog/bondi-rescue-who-are-the-lifeguards,/bondi-blog/bondi-rescue-who-are-the-lifeguards,blog-post-legacy,blog,indexable,2025-06-30,0.5,1,Keep unchanged,
https://www.visitbondibeach.com/bondi-blog/2023/8/8/does-bondi-beach-get-busy,/bondi-blog/2023/8/8/does-bondi-beach-get-busy,blog-post-dated,blog,indexable,2023-08-10,0.5,1,Keep unchanged,
https://www.visitbondibeach.com/bondi-blog/ben-buckler-name-history,/bondi-blog/ben-buckler-name-history,blog-post-legacy,blog,indexable,2023-08-07,0.5,1,Keep unchanged,
https://www.visitbondibeach.com/bondi-blog/2018/10/17/when-is-the-best-time-to-visit-bondi-beach,/bondi-blog/2018/10/17/when-is-the-best-time-to-visit-bondi-beach,blog-post-dated,blog,indexable,2023-08-02,0.5,1,Keep unchanged,
https://www.visitbondibeach.com/bondi-blog/swimming-between-flags-bondi-beach,/bondi-blog/swimming-between-flags-bondi-beach,blog-post-legacy,blog,indexable,2023-08-02,0.5,1,Keep unchanged,
https://www.visitbondibeach.com/bondi-blog/10-biggest-events-bondi-beach,/bondi-blog/10-biggest-events-bondi-beach,blog-post-legacy,blog,indexable,2023-08-02,0.5,3,Keep unchanged,
https://www.visitbondibeach.com/bondi-blog/the-ultimate-guide-to-bondi-beach-nightlife,/bondi-blog/the-ultimate-guide-to-bondi-beach-nightlife,blog-post-legacy,blog,indexable,2023-08-02,0.5,1,Keep unchanged,
https://www.visitbondibeach.com/bondi-blog/is-bondi-good-to-live,/bondi-blog/is-bondi-good-to-live,blog-post-legacy,blog,indexable,2023-08-02,0.5,1,Keep unchanged,
https://www.visitbondibeach.com/bondi-blog/bondi-icebergs-brand-takeover-ranked,/bondi-blog/bondi-icebergs-brand-takeover-ranked,blog-post-legacy,blog,indexable,2023-08-02,0.5,16,Keep unchanged,
https://www.visitbondibeach.com/bondi-blog/why-is-bondi-beach-famous,/bondi-blog/why-is-bondi-beach-famous,blog-post-legacy,blog,indexable,2023-08-02,0.5,1,Keep unchanged,
https://www.visitbondibeach.com/bondi-blog/bondi-beach-main-events,/bondi-blog/bondi-beach-main-events,blog-post-legacy,blog,indexable,2023-08-01,0.5,0,Keep unchanged,
https://www.visitbondibeach.com/bondi-blog/bondi-beach-playground-guide,/bondi-blog/bondi-beach-playground-guide,blog-post-legacy,blog,indexable,2023-08-01,0.5,0,Keep unchanged,
https://www.visitbondibeach.com/bondi-blog/city-to-surf-training-plan,/bondi-blog/city-to-surf-training-plan,blog-post-legacy,blog,indexable,2023-08-14,0.5,0,Keep unchanged,
https://www.visitbondibeach.com/bondi-blog/access-bondi-icebergs-pool,/bondi-blog/access-bondi-icebergs-pool,blog-post-legacy,blog,indexable,2023-08-01,0.5,0,Keep unchanged,
https://www.visitbondibeach.com/bondi-blog/bondi-beach-golf-course,/bondi-blog/bondi-beach-golf-course,blog-post-legacy,blog,indexable,2023-08-01,0.5,0,Keep unchanged,
https://www.visitbondibeach.com/bondi-blog/whale-watching-bondi-beach,/bondi-blog/whale-watching-bondi-beach,blog-post-legacy,blog,indexable,2023-08-01,0.5,1,Keep unchanged,
https://www.visitbondibeach.com/bondi-blog/is-bondi-icebergs-pool-heated,/bondi-blog/is-bondi-icebergs-pool-heated,blog-post-legacy,blog,indexable,2023-08-01,0.5,0,Keep unchanged,
https://www.visitbondibeach.com/bondi-blog/2023/4/1/3003c62xnorpgvx461rhjrkhp6p56f,/bondi-blog/2023/4/1/3003c62xnorpgvx461rhjrkhp6p56f,blog-post-dated,blog,indexable,2023-08-01,0.5,0,Requires manual review (auto-generated slug),
https://www.visitbondibeach.com/bondi-blog/sunrise-sunset-bondi,/bondi-blog/sunrise-sunset-bondi,blog-post-legacy,blog,indexable,2023-08-01,0.5,0,Keep unchanged,
https://www.visitbondibeach.com/bondi-blog/2023/4/1/sp5ol0037f2etchbkhdvn7rfdlaypz,/bondi-blog/2023/4/1/sp5ol0037f2etchbkhdvn7rfdlaypz,blog-post-dated,blog,indexable,2023-08-01,0.5,0,Requires manual review (auto-generated slug),
https://www.visitbondibeach.com/bondi-blog/Sydney’s-best-bookstore-gertude-alice,/bondi-blog/Sydney’s-best-bookstore-gertude-alice,blog-post-legacy,blog,indexable,2023-08-01,0.5,0,Keep unchanged,case-sensitive URL: preserve capitalization exactly; non-ASCII char (smart quote): preserve/encode exactly
https://www.visitbondibeach.com/bondi-blog/is-bondi-beach-patrolled-by-lifeguards,/bondi-blog/is-bondi-beach-patrolled-by-lifeguards,blog-post-legacy,blog,indexable,2023-08-01,0.5,0,Keep unchanged,
https://www.visitbondibeach.com/bondi-blog/best-accommodation-bondi-beach,/bondi-blog/best-accommodation-bondi-beach,blog-post-legacy,blog,indexable,2023-11-24,0.5,0,Keep unchanged,
https://www.visitbondibeach.com/bondi-blog/bondi-or-manly-travel-guide,/bondi-blog/bondi-or-manly-travel-guide,blog-post-legacy,blog,indexable,2023-08-01,0.5,0,Keep unchanged,
https://www.visitbondibeach.com/bondi-blog/hidden-gems-bondi-beach,/bondi-blog/hidden-gems-bondi-beach,blog-post-legacy,blog,indexable,2023-08-01,0.5,0,Keep unchanged,
https://www.visitbondibeach.com/bondi-blog/where-to-find-carpark-bondi-beach,/bondi-blog/where-to-find-carpark-bondi-beach,blog-post-legacy,blog,indexable,2025-10-18,0.5,1,Keep unchanged,
https://www.visitbondibeach.com/bondi-blog/bondi-beach-tour-guide,/bondi-blog/bondi-beach-tour-guide,blog-post-legacy,blog,indexable,2023-08-01,0.5,0,Keep unchanged,
https://www.visitbondibeach.com/bondi-blog/accommodation-options-for-backpackers-in-bondi-beach,/bondi-blog/accommodation-options-for-backpackers-in-bondi-beach,blog-post-legacy,blog,indexable,2023-04-05,0.5,0,Keep unchanged,
https://www.visitbondibeach.com/bondi-blog/are-airbnb-legal-in-sydney-bondi,/bondi-blog/are-airbnb-legal-in-sydney-bondi,blog-post-legacy,blog,indexable,2023-08-01,0.5,0,Keep unchanged,
https://www.visitbondibeach.com/bondi-blog/bondi-commonly-asked-questions,/bondi-blog/bondi-commonly-asked-questions,blog-post-legacy,blog,indexable,2024-01-07,0.5,1,Keep unchanged,
https://www.visitbondibeach.com/bondi-blog/best-breakfast-bondi-right-now,/bondi-blog/best-breakfast-bondi-right-now,blog-post-legacy,blog,indexable,2023-08-01,0.5,0,Keep unchanged,
https://www.visitbondibeach.com/bondi-blog/getting-from-sydney-airport-to-bondi-beach,/bondi-blog/getting-from-sydney-airport-to-bondi-beach,blog-post-legacy,blog,indexable,2023-08-01,0.5,0,Keep unchanged,
https://www.visitbondibeach.com/bondi-blog/can-anyone-swim-at-bondi-icebergs-swimming-pool,/bondi-blog/can-anyone-swim-at-bondi-icebergs-swimming-pool,blog-post-legacy,blog,indexable,2023-08-01,0.5,1,Keep unchanged,
https://www.visitbondibeach.com/bondi-blog/how-to-get-to-bondi-beach,/bondi-blog/how-to-get-to-bondi-beach,blog-post-legacy,blog,indexable,2023-08-01,0.5,0,Keep unchanged,
https://www.visitbondibeach.com/bondi-blog/day-trip-bondi-beach-top-tips,/bondi-blog/day-trip-bondi-beach-top-tips,blog-post-legacy,blog,indexable,2023-08-01,0.5,0,Keep unchanged,
https://www.visitbondibeach.com/bondi-blog/bondi-beach-cheap-food,/bondi-blog/bondi-beach-cheap-food,blog-post-legacy,blog,indexable,2023-11-11,0.5,0,Keep unchanged,
https://www.visitbondibeach.com/bondi-blog/Bondi-beach-temperature,/bondi-blog/Bondi-beach-temperature,blog-post-legacy,blog,indexable,2023-08-01,0.5,0,Keep unchanged,case-sensitive URL: preserve capitalization exactly
https://www.visitbondibeach.com/bondi-blog/where-is-bondi-junction,/bondi-blog/where-is-bondi-junction,blog-post-legacy,blog,indexable,2023-08-01,0.5,0,Keep unchanged,
https://www.visitbondibeach.com/bondi-blog/34-best-things-to-do-bondi-beach,/bondi-blog/34-best-things-to-do-bondi-beach,blog-post-legacy,blog,indexable,2023-08-01,0.5,0,Keep unchanged,
https://www.visitbondibeach.com/bondi-blog/safe-swimming-bondi-beach,/bondi-blog/safe-swimming-bondi-beach,blog-post-legacy,blog,indexable,2023-08-01,0.5,0,Keep unchanged,
https://www.visitbondibeach.com/bondi-blog/Bondi-to-manly-walk-guide,/bondi-blog/Bondi-to-manly-walk-guide,blog-post-legacy,blog,indexable,2023-08-01,0.5,0,Keep unchanged,case-sensitive URL: preserve capitalization exactly
https://www.visitbondibeach.com/bondi-blog/best-kids-activities-bondi-beach,/bondi-blog/best-kids-activities-bondi-beach,blog-post-legacy,blog,indexable,2023-08-01,0.5,0,Keep unchanged,
https://www.visitbondibeach.com/bondi-blog/Locals-guide-Bondi-Beach,/bondi-blog/Locals-guide-Bondi-Beach,blog-post-legacy,blog,indexable,2023-08-01,0.5,0,Keep unchanged,case-sensitive URL: preserve capitalization exactly
https://www.visitbondibeach.com/bondi-blog/best-restaurants-bondi-beach,/bondi-blog/best-restaurants-bondi-beach,blog-post-legacy,blog,indexable,2023-08-01,0.5,0,Keep unchanged,
https://www.visitbondibeach.com/bondi-blog/24-hours-in-bondi-beach,/bondi-blog/24-hours-in-bondi-beach,blog-post-legacy,blog,indexable,2023-08-01,0.5,0,Keep unchanged,
https://www.visitbondibeach.com/bondi-blog/meet-bondi-lifeguards,/bondi-blog/meet-bondi-lifeguards,blog-post-legacy,blog,indexable,2023-08-01,0.5,0,Keep unchanged,
https://www.visitbondibeach.com/bondi-blog/transport-to-bondi-beach,/bondi-blog/transport-to-bondi-beach,blog-post-legacy,blog,indexable,2023-08-01,0.5,0,Keep unchanged,
https://www.visitbondibeach.com/bondi-blog/Bondi-beach-history,/bondi-blog/Bondi-beach-history,blog-post-legacy,blog,indexable,2023-08-01,0.5,0,Keep unchanged,case-sensitive URL: preserve capitalization exactly
https://www.visitbondibeach.com/bondi-blog/2017/5/7/bondis-most-famous-residents,/bondi-blog/2017/5/7/bondis-most-famous-residents,blog-post-dated,blog,indexable,2023-08-01,0.5,0,Keep unchanged,
https://www.visitbondibeach.com/bondi-blog/why-is-bondi-beach-so-special,/bondi-blog/why-is-bondi-beach-so-special,blog-post-legacy,blog,indexable,2023-08-01,0.5,0,Keep unchanged,
https://www.visitbondibeach.com/bondi-blog/best-time-to-visit-bondi-beach,/bondi-blog/best-time-to-visit-bondi-beach,blog-post-legacy,blog,indexable,2023-08-01,0.5,0,Keep unchanged,
https://www.visitbondibeach.com/bondi-blog/surfing-at-bondi,/bondi-blog/surfing-at-bondi,blog-post-legacy,blog,indexable,2023-08-01,0.5,0,Keep unchanged,
https://www.visitbondibeach.com/bondi-blog/how-long-is-bondi-icebergs-poo,/bondi-blog/how-long-is-bondi-icebergs-poo,blog-post-legacy,blog,indexable,2023-08-01,0.5,0,Keep unchanged,
https://www.visitbondibeach.com/bondi-blog/nearest-train-station-bondi-beach,/bondi-blog/nearest-train-station-bondi-beach,blog-post-legacy,blog,indexable,2023-08-01,0.5,0,Keep unchanged,
https://www.visitbondibeach.com/bondi-blog/2018/9/11/how-far-is-bondi-beach-from-sydney,/bondi-blog/2018/9/11/how-far-is-bondi-beach-from-sydney,blog-post-dated,blog,indexable,2023-08-01,0.5,0,Keep unchanged,
https://www.visitbondibeach.com/bondi-blog/2017/9/10/bsc783vqaltyo7486wej3c50fmnhni,/bondi-blog/2017/9/10/bsc783vqaltyo7486wej3c50fmnhni,blog-post-dated,blog,indexable,2023-08-01,0.5,0,Requires manual review (auto-generated slug),
https://www.visitbondibeach.com/bondi-blog/2017/9/10/ocean-swims-at-bondi-beach,/bondi-blog/2017/9/10/ocean-swims-at-bondi-beach,blog-post-dated,blog,indexable,2023-08-01,0.5,0,Keep unchanged,
https://www.visitbondibeach.com/bondi-blog/why-is-bondi-so-popular,/bondi-blog/why-is-bondi-so-popular,blog-post-legacy,blog,indexable,2023-08-01,0.5,0,Keep unchanged,
https://www.visitbondibeach.com/bondi-blog/2017/8/28/bondi-icebergs-the-famous-bondi-pool,/bondi-blog/2017/8/28/bondi-icebergs-the-famous-bondi-pool,blog-post-dated,blog,indexable,2023-08-01,0.5,0,Keep unchanged,
https://www.visitbondibeach.com/bondi-blog/2017/6/14/call-on-me-film-clip-bondi-class,/bondi-blog/2017/6/14/call-on-me-film-clip-bondi-class,blog-post-dated,blog,indexable,2023-08-01,0.5,3,Keep unchanged,
https://www.visitbondibeach.com/bondi-blog/bondi-winter-magic,/bondi-blog/bondi-winter-magic,blog-post-legacy,blog,indexable,2023-08-01,0.5,0,Keep unchanged,
https://www.visitbondibeach.com/bondi-blog/2017/4/28/city2surf-time-to-start-training,/bondi-blog/2017/4/28/city2surf-time-to-start-training,blog-post-dated,blog,indexable,2023-08-01,0.5,0,Keep unchanged,
https://www.visitbondibeach.com/bondi-blog/category/Travel,/bondi-blog/category/Travel,category,blog,indexable,,0.5,0,Keep — but review index value; retain URL,case-sensitive URL: preserve capitalization exactly
https://www.visitbondibeach.com/bondi-blog/category/Out+%26+About,/bondi-blog/category/Out+%26+About,category,blog,indexable,,0.5,0,Keep — but review index value; retain URL,case-sensitive URL: preserve capitalization exactly
https://www.visitbondibeach.com/bondi-blog/category/City2Surf,/bondi-blog/category/City2Surf,category,blog,indexable,,0.5,0,Keep — but review index value; retain URL,case-sensitive URL: preserve capitalization exactly
https://www.visitbondibeach.com/bondi-blog/category/People,/bondi-blog/category/People,category,blog,indexable,,0.5,0,Keep — but review index value; retain URL,case-sensitive URL: preserve capitalization exactly
https://www.visitbondibeach.com/bondi-blog/category/History,/bondi-blog/category/History,category,blog,indexable,,0.5,0,Keep — but review index value; retain URL,case-sensitive URL: preserve capitalization exactly
https://www.visitbondibeach.com/bondi-blog/category/Swim,/bondi-blog/category/Swim,category,blog,indexable,,0.5,0,Keep — but review index value; retain URL,case-sensitive URL: preserve capitalization exactly
https://www.visitbondibeach.com/bondi-blog/tag/bondi+recovery,/bondi-blog/tag/bondi+recovery,tag,blog,"review (likely noindex,follow)",,0.5,0,Requires manual review — noindex or consolidate (thin auto-taxonomy); preserve any with backlinks,
https://www.visitbondibeach.com/bondi-blog/tag/bronte+beach,/bondi-blog/tag/bronte+beach,tag,blog,"review (likely noindex,follow)",,0.5,0,Requires manual review — noindex or consolidate (thin auto-taxonomy); preserve any with backlinks,
https://www.visitbondibeach.com/bondi-blog/tag/Barbie,/bondi-blog/tag/Barbie,tag,blog,"review (likely noindex,follow)",,0.5,0,Requires manual review — noindex or consolidate (thin auto-taxonomy); preserve any with backlinks,case-sensitive URL: preserve capitalization exactly
https://www.visitbondibeach.com/bondi-blog/tag/mackenzies+bay,/bondi-blog/tag/mackenzies+bay,tag,blog,"review (likely noindex,follow)",,0.5,0,Requires manual review — noindex or consolidate (thin auto-taxonomy); preserve any with backlinks,
https://www.visitbondibeach.com/bondi-blog/tag/instagram,/bondi-blog/tag/instagram,tag,blog,"review (likely noindex,follow)",,0.5,0,Requires manual review — noindex or consolidate (thin auto-taxonomy); preserve any with backlinks,
https://www.visitbondibeach.com/bondi-blog/tag/pollution,/bondi-blog/tag/pollution,tag,blog,"review (likely noindex,follow)",,0.5,0,Requires manual review — noindex or consolidate (thin auto-taxonomy); preserve any with backlinks,
https://www.visitbondibeach.com/bondi-blog/tag/cheap+accommodation,/bondi-blog/tag/cheap+accommodation,tag,blog,"review (likely noindex,follow)",,0.5,0,Requires manual review — noindex or consolidate (thin auto-taxonomy); preserve any with backlinks,
https://www.visitbondibeach.com/bondi-blog/tag/storm+damage,/bondi-blog/tag/storm+damage,tag,blog,"review (likely noindex,follow)",,0.5,0,Requires manual review — noindex or consolidate (thin auto-taxonomy); preserve any with backlinks,
https://www.visitbondibeach.com/bondi-blog/tag/getting+to+bondi,/bondi-blog/tag/getting+to+bondi,tag,blog,"review (likely noindex,follow)",,0.5,0,Requires manual review — noindex or consolidate (thin auto-taxonomy); preserve any with backlinks,
https://www.visitbondibeach.com/bondi-blog/tag/bondi+beach+transport,/bondi-blog/tag/bondi+beach+transport,tag,blog,"review (likely noindex,follow)",,0.5,0,Requires manual review — noindex or consolidate (thin auto-taxonomy); preserve any with backlinks,
https://www.visitbondibeach.com/bondi-blog/tag/english,/bondi-blog/tag/english,tag,blog,"review (likely noindex,follow)",,0.5,0,Requires manual review — noindex or consolidate (thin auto-taxonomy); preserve any with backlinks,
https://www.visitbondibeach.com/bondi-blog/tag/bondi+to+bronte+guide,/bondi-blog/tag/bondi+to+bronte+guide,tag,blog,"review (likely noindex,follow)",,0.5,0,Requires manual review — noindex or consolidate (thin auto-taxonomy); preserve any with backlinks,
https://www.visitbondibeach.com/bondi-blog/tag/events,/bondi-blog/tag/events,tag,blog,"review (likely noindex,follow)",,0.5,0,Requires manual review — noindex or consolidate (thin auto-taxonomy); preserve any with backlinks,
https://www.visitbondibeach.com/bondi-blog/tag/best+bars,/bondi-blog/tag/best+bars,tag,blog,"review (likely noindex,follow)",,0.5,0,Requires manual review — noindex or consolidate (thin auto-taxonomy); preserve any with backlinks,
https://www.visitbondibeach.com/bondi-blog/tag/dining,/bondi-blog/tag/dining,tag,blog,"review (likely noindex,follow)",,0.5,0,Requires manual review — noindex or consolidate (thin auto-taxonomy); preserve any with backlinks,
https://www.visitbondibeach.com/bondi-blog/tag/arrival+guide,/bondi-blog/tag/arrival+guide,tag,blog,"review (likely noindex,follow)",,0.5,0,Requires manual review — noindex or consolidate (thin auto-taxonomy); preserve any with backlinks,
https://www.visitbondibeach.com/bondi-blog/tag/taxi,/bondi-blog/tag/taxi,tag,blog,"review (likely noindex,follow)",,0.5,0,Requires manual review — noindex or consolidate (thin auto-taxonomy); preserve any with backlinks,
https://www.visitbondibeach.com/bondi-blog/tag/pool,/bondi-blog/tag/pool,tag,blog,"review (likely noindex,follow)",,0.5,0,Requires manual review — noindex or consolidate (thin auto-taxonomy); preserve any with backlinks,
https://www.visitbondibeach.com/bondi-blog/tag/drummers,/bondi-blog/tag/drummers,tag,blog,"review (likely noindex,follow)",,0.5,0,Requires manual review — noindex or consolidate (thin auto-taxonomy); preserve any with backlinks,
https://www.visitbondibeach.com/bondi-blog/tag/australia,/bondi-blog/tag/australia,tag,blog,"review (likely noindex,follow)",,0.5,0,Requires manual review — noindex or consolidate (thin auto-taxonomy); preserve any with backlinks,
https://www.visitbondibeach.com/bondi-blog/tag/hike,/bondi-blog/tag/hike,tag,blog,"review (likely noindex,follow)",,0.5,0,Requires manual review — noindex or consolidate (thin auto-taxonomy); preserve any with backlinks,
https://www.visitbondibeach.com/bondi-blog/tag/bbq,/bondi-blog/tag/bbq,tag,blog,"review (likely noindex,follow)",,0.5,0,Requires manual review — noindex or consolidate (thin auto-taxonomy); preserve any with backlinks,
https://www.visitbondibeach.com/bondi-blog/tag/bondi+beach+cafes,/bondi-blog/tag/bondi+beach+cafes,tag,blog,"review (likely noindex,follow)",,0.5,0,Requires manual review — noindex or consolidate (thin auto-taxonomy); preserve any with backlinks,
https://www.visitbondibeach.com/bondi-blog/tag/cliff+jump,/bondi-blog/tag/cliff+jump,tag,blog,"review (likely noindex,follow)",,0.5,0,Requires manual review — noindex or consolidate (thin auto-taxonomy); preserve any with backlinks,
https://www.visitbondibeach.com/bondi-blog/tag/sydney+christmas,/bondi-blog/tag/sydney+christmas,tag,blog,"review (likely noindex,follow)",,0.5,0,Requires manual review — noindex or consolidate (thin auto-taxonomy); preserve any with backlinks,
https://www.visitbondibeach.com/bondi-blog/tag/restaurants,/bondi-blog/tag/restaurants,tag,blog,"review (likely noindex,follow)",,0.5,0,Requires manual review — noindex or consolidate (thin auto-taxonomy); preserve any with backlinks,
https://www.visitbondibeach.com/bondi-blog/tag/dolphins,/bondi-blog/tag/dolphins,tag,blog,"review (likely noindex,follow)",,0.5,0,Requires manual review — noindex or consolidate (thin auto-taxonomy); preserve any with backlinks,
https://www.visitbondibeach.com/bondi-blog/tag/train+for+city2surf,/bondi-blog/tag/train+for+city2surf,tag,blog,"review (likely noindex,follow)",,0.5,0,Requires manual review — noindex or consolidate (thin auto-taxonomy); preserve any with backlinks,
https://www.visitbondibeach.com/bondi-blog/tag/photography,/bondi-blog/tag/photography,tag,blog,"review (likely noindex,follow)",,0.5,0,Requires manual review — noindex or consolidate (thin auto-taxonomy); preserve any with backlinks,
https://www.visitbondibeach.com/bondi-blog/tag/sunrise,/bondi-blog/tag/sunrise,tag,blog,"review (likely noindex,follow)",,0.5,0,Requires manual review — noindex or consolidate (thin auto-taxonomy); preserve any with backlinks,
https://www.visitbondibeach.com/bondi-blog/tag/icebergs,/bondi-blog/tag/icebergs,tag,blog,"review (likely noindex,follow)",,0.5,0,Requires manual review — noindex or consolidate (thin auto-taxonomy); preserve any with backlinks,
https://www.visitbondibeach.com/bondi-blog/tag/access,/bondi-blog/tag/access,tag,blog,"review (likely noindex,follow)",,0.5,0,Requires manual review — noindex or consolidate (thin auto-taxonomy); preserve any with backlinks,
https://www.visitbondibeach.com/bondi-blog/tag/sculptures+by+the+sea,/bondi-blog/tag/sculptures+by+the+sea,tag,blog,"review (likely noindex,follow)",,0.5,0,Requires manual review — noindex or consolidate (thin auto-taxonomy); preserve any with backlinks,
https://www.visitbondibeach.com/bondi-blog/tag/surf+lifesaving,/bondi-blog/tag/surf+lifesaving,tag,blog,"review (likely noindex,follow)",,0.5,0,Requires manual review — noindex or consolidate (thin auto-taxonomy); preserve any with backlinks,
https://www.visitbondibeach.com/bondi-blog/tag/facts,/bondi-blog/tag/facts,tag,blog,"review (likely noindex,follow)",,0.5,0,Requires manual review — noindex or consolidate (thin auto-taxonomy); preserve any with backlinks,
https://www.visitbondibeach.com/bondi-blog/tag/swimming,/bondi-blog/tag/swimming,tag,blog,"review (likely noindex,follow)",,0.5,0,Requires manual review — noindex or consolidate (thin auto-taxonomy); preserve any with backlinks,
https://www.visitbondibeach.com/bondi-blog/tag/bookstore,/bondi-blog/tag/bookstore,tag,blog,"review (likely noindex,follow)",,0.5,0,Requires manual review — noindex or consolidate (thin auto-taxonomy); preserve any with backlinks,
https://www.visitbondibeach.com/bondi-blog/tag/vegetarian,/bondi-blog/tag/vegetarian,tag,blog,"review (likely noindex,follow)",,0.5,0,Requires manual review — noindex or consolidate (thin auto-taxonomy); preserve any with backlinks,
https://www.visitbondibeach.com/bondi-blog/tag/hotel,/bondi-blog/tag/hotel,tag,blog,"review (likely noindex,follow)",,0.5,0,Requires manual review — noindex or consolidate (thin auto-taxonomy); preserve any with backlinks,
https://www.visitbondibeach.com/bondi-blog/tag/sydney+airport,/bondi-blog/tag/sydney+airport,tag,blog,"review (likely noindex,follow)",,0.5,0,Requires manual review — noindex or consolidate (thin auto-taxonomy); preserve any with backlinks,
https://www.visitbondibeach.com/bondi-blog/tag/private+transfer,/bondi-blog/tag/private+transfer,tag,blog,"review (likely noindex,follow)",,0.5,0,Requires manual review — noindex or consolidate (thin auto-taxonomy); preserve any with backlinks,
https://www.visitbondibeach.com/bondi-blog/tag/afterparty,/bondi-blog/tag/afterparty,tag,blog,"review (likely noindex,follow)",,0.5,0,Requires manual review — noindex or consolidate (thin auto-taxonomy); preserve any with backlinks,
https://www.visitbondibeach.com/bondi-blog/tag/free,/bondi-blog/tag/free,tag,blog,"review (likely noindex,follow)",,0.5,0,Requires manual review — noindex or consolidate (thin auto-taxonomy); preserve any with backlinks,
https://www.visitbondibeach.com/bondi-blog/tag/kids,/bondi-blog/tag/kids,tag,blog,"review (likely noindex,follow)",,0.5,0,Requires manual review — noindex or consolidate (thin auto-taxonomy); preserve any with backlinks,
https://www.visitbondibeach.com/bondi-blog/tag/art,/bondi-blog/tag/art,tag,blog,"review (likely noindex,follow)",,0.5,0,Requires manual review — noindex or consolidate (thin auto-taxonomy); preserve any with backlinks,
https://www.visitbondibeach.com/bondi-blog/tag/marathon+spectators,/bondi-blog/tag/marathon+spectators,tag,blog,"review (likely noindex,follow)",,0.5,0,Requires manual review — noindex or consolidate (thin auto-taxonomy); preserve any with backlinks,
https://www.visitbondibeach.com/bondi-blog/tag/running+tips,/bondi-blog/tag/running+tips,tag,blog,"review (likely noindex,follow)",,0.5,0,Requires manual review — noindex or consolidate (thin auto-taxonomy); preserve any with backlinks,
https://www.visitbondibeach.com/bondi-blog/tag/stra,/bondi-blog/tag/stra,tag,blog,"review (likely noindex,follow)",,0.5,0,Requires manual review — noindex or consolidate (thin auto-taxonomy); preserve any with backlinks,
https://www.visitbondibeach.com/bondi-blog/tag/nightlife,/bondi-blog/tag/nightlife,tag,blog,"review (likely noindex,follow)",,0.5,0,Requires manual review — noindex or consolidate (thin auto-taxonomy); preserve any with backlinks,
https://www.visitbondibeach.com/bondi-blog/tag/wet+weather,/bondi-blog/tag/wet+weather,tag,blog,"review (likely noindex,follow)",,0.5,0,Requires manual review — noindex or consolidate (thin auto-taxonomy); preserve any with backlinks,
https://www.visitbondibeach.com/bondi-blog/tag/sculpture+by+the+sea,/bondi-blog/tag/sculpture+by+the+sea,tag,blog,"review (likely noindex,follow)",,0.5,0,Requires manual review — noindex or consolidate (thin auto-taxonomy); preserve any with backlinks,
https://www.visitbondibeach.com/bondi-blog/tag/bondi+pool,/bondi-blog/tag/bondi+pool,tag,blog,"review (likely noindex,follow)",,0.5,0,Requires manual review — noindex or consolidate (thin auto-taxonomy); preserve any with backlinks,
https://www.visitbondibeach.com/bondi-blog/tag/tour,/bondi-blog/tag/tour,tag,blog,"review (likely noindex,follow)",,0.5,0,Requires manual review — noindex or consolidate (thin auto-taxonomy); preserve any with backlinks,
https://www.visitbondibeach.com/bondi-blog/tag/premier+league,/bondi-blog/tag/premier+league,tag,blog,"review (likely noindex,follow)",,0.5,0,Requires manual review — noindex or consolidate (thin auto-taxonomy); preserve any with backlinks,
https://www.visitbondibeach.com/bondi-blog/tag/surfcam,/bondi-blog/tag/surfcam,tag,blog,"review (likely noindex,follow)",,0.5,0,Requires manual review — noindex or consolidate (thin auto-taxonomy); preserve any with backlinks,
https://www.visitbondibeach.com/bondi-blog/tag/nielsen+park,/bondi-blog/tag/nielsen+park,tag,blog,"review (likely noindex,follow)",,0.5,0,Requires manual review — noindex or consolidate (thin auto-taxonomy); preserve any with backlinks,
https://www.visitbondibeach.com/bondi-blog/tag/watch,/bondi-blog/tag/watch,tag,blog,"review (likely noindex,follow)",,0.5,0,Requires manual review — noindex or consolidate (thin auto-taxonomy); preserve any with backlinks,
https://www.visitbondibeach.com/bondi-blog/tag/sunset,/bondi-blog/tag/sunset,tag,blog,"review (likely noindex,follow)",,0.5,0,Requires manual review — noindex or consolidate (thin auto-taxonomy); preserve any with backlinks,
https://www.visitbondibeach.com/bondi-blog/tag/christmas+day,/bondi-blog/tag/christmas+day,tag,blog,"review (likely noindex,follow)",,0.5,0,Requires manual review — noindex or consolidate (thin auto-taxonomy); preserve any with backlinks,
https://www.visitbondibeach.com/bondi-blog/tag/open,/bondi-blog/tag/open,tag,blog,"review (likely noindex,follow)",,0.5,0,Requires manual review — noindex or consolidate (thin auto-taxonomy); preserve any with backlinks,
https://www.visitbondibeach.com/bondi-blog/tag/Takeover,/bondi-blog/tag/Takeover,tag,blog,"review (likely noindex,follow)",,0.5,0,Requires manual review — noindex or consolidate (thin auto-taxonomy); preserve any with backlinks,case-sensitive URL: preserve capitalization exactly
https://www.visitbondibeach.com/bondi-blog/tag/tv,/bondi-blog/tag/tv,tag,blog,"review (likely noindex,follow)",,0.5,0,Requires manual review — noindex or consolidate (thin auto-taxonomy); preserve any with backlinks,
https://www.visitbondibeach.com/bondi-blog/tag/city2surf+running+guide,/bondi-blog/tag/city2surf+running+guide,tag,blog,"review (likely noindex,follow)",,0.5,0,Requires manual review — noindex or consolidate (thin auto-taxonomy); preserve any with backlinks,
https://www.visitbondibeach.com/bondi-blog/tag/bondi+junction+guide,/bondi-blog/tag/bondi+junction+guide,tag,blog,"review (likely noindex,follow)",,0.5,0,Requires manual review — noindex or consolidate (thin auto-taxonomy); preserve any with backlinks,
https://www.visitbondibeach.com/bondi-blog/tag/rules,/bondi-blog/tag/rules,tag,blog,"review (likely noindex,follow)",,0.5,0,Requires manual review — noindex or consolidate (thin auto-taxonomy); preserve any with backlinks,
https://www.visitbondibeach.com/bondi-blog/tag/bondi+icebergs,/bondi-blog/tag/bondi+icebergs,tag,blog,"review (likely noindex,follow)",,0.5,0,Requires manual review — noindex or consolidate (thin auto-taxonomy); preserve any with backlinks,
https://www.visitbondibeach.com/bondi-blog/tag/spring,/bondi-blog/tag/spring,tag,blog,"review (likely noindex,follow)",,0.5,0,Requires manual review — noindex or consolidate (thin auto-taxonomy); preserve any with backlinks,
https://www.visitbondibeach.com/bondi-blog/tag/tamarama,/bondi-blog/tag/tamarama,tag,blog,"review (likely noindex,follow)",,0.5,0,Requires manual review — noindex or consolidate (thin auto-taxonomy); preserve any with backlinks,
https://www.visitbondibeach.com/bondi-blog/tag/hacks,/bondi-blog/tag/hacks,tag,blog,"review (likely noindex,follow)",,0.5,0,Requires manual review — noindex or consolidate (thin auto-taxonomy); preserve any with backlinks,
https://www.visitbondibeach.com/bondi-blog/tag/fitness,/bondi-blog/tag/fitness,tag,blog,"review (likely noindex,follow)",,0.5,0,Requires manual review — noindex or consolidate (thin auto-taxonomy); preserve any with backlinks,
https://www.visitbondibeach.com/bondi-blog/tag/marathon,/bondi-blog/tag/marathon,tag,blog,"review (likely noindex,follow)",,0.5,0,Requires manual review — noindex or consolidate (thin auto-taxonomy); preserve any with backlinks,
https://www.visitbondibeach.com/bondi-blog/tag/australia+day,/bondi-blog/tag/australia+day,tag,blog,"review (likely noindex,follow)",,0.5,0,Requires manual review — noindex or consolidate (thin auto-taxonomy); preserve any with backlinks,
https://www.visitbondibeach.com/bondi-blog/tag/Hennessy,/bondi-blog/tag/Hennessy,tag,blog,"review (likely noindex,follow)",,0.5,0,Requires manual review — noindex or consolidate (thin auto-taxonomy); preserve any with backlinks,case-sensitive URL: preserve capitalization exactly
https://www.visitbondibeach.com/bondi-blog/tag/drone,/bondi-blog/tag/drone,tag,blog,"review (likely noindex,follow)",,0.5,0,Requires manual review — noindex or consolidate (thin auto-taxonomy); preserve any with backlinks,
https://www.visitbondibeach.com/bondi-blog/tag/Brand,/bondi-blog/tag/Brand,tag,blog,"review (likely noindex,follow)",,0.5,0,Requires manual review — noindex or consolidate (thin auto-taxonomy); preserve any with backlinks,case-sensitive URL: preserve capitalization exactly
https://www.visitbondibeach.com/bondi-blog/tag/carpark,/bondi-blog/tag/carpark,tag,blog,"review (likely noindex,follow)",,0.5,0,Requires manual review — noindex or consolidate (thin auto-taxonomy); preserve any with backlinks,
https://www.visitbondibeach.com/bondi-blog/tag/sundays+bondi,/bondi-blog/tag/sundays+bondi,tag,blog,"review (likely noindex,follow)",,0.5,0,Requires manual review — noindex or consolidate (thin auto-taxonomy); preserve any with backlinks,
https://www.visitbondibeach.com/bondi-blog/tag/bronte+ocean+pool,/bondi-blog/tag/bronte+ocean+pool,tag,blog,"review (likely noindex,follow)",,0.5,0,Requires manual review — noindex or consolidate (thin auto-taxonomy); preserve any with backlinks,
https://www.visitbondibeach.com/bondi-blog/tag/swim,/bondi-blog/tag/swim,tag,blog,"review (likely noindex,follow)",,0.5,0,Requires manual review — noindex or consolidate (thin auto-taxonomy); preserve any with backlinks,
https://www.visitbondibeach.com/bondi-blog/tag/party,/bondi-blog/tag/party,tag,blog,"review (likely noindex,follow)",,0.5,0,Requires manual review — noindex or consolidate (thin auto-taxonomy); preserve any with backlinks,
https://www.visitbondibeach.com/bondi-blog/tag/best+coffee,/bondi-blog/tag/best+coffee,tag,blog,"review (likely noindex,follow)",,0.5,0,Requires manual review — noindex or consolidate (thin auto-taxonomy); preserve any with backlinks,
https://www.visitbondibeach.com/bondi-blog/tag/carb+load,/bondi-blog/tag/carb+load,tag,blog,"review (likely noindex,follow)",,0.5,0,Requires manual review — noindex or consolidate (thin auto-taxonomy); preserve any with backlinks,
https://www.visitbondibeach.com/bondi-blog/tag/christmas+party,/bondi-blog/tag/christmas+party,tag,blog,"review (likely noindex,follow)",,0.5,0,Requires manual review — noindex or consolidate (thin auto-taxonomy); preserve any with backlinks,
https://www.visitbondibeach.com/bondi-blog/tag/airport+to+bondi,/bondi-blog/tag/airport+to+bondi,tag,blog,"review (likely noindex,follow)",,0.5,0,Requires manual review — noindex or consolidate (thin auto-taxonomy); preserve any with backlinks,
https://www.visitbondibeach.com/bondi-blog/tag/bondi+beach+bakery,/bondi-blog/tag/bondi+beach+bakery,tag,blog,"review (likely noindex,follow)",,0.5,0,Requires manual review — noindex or consolidate (thin auto-taxonomy); preserve any with backlinks,
https://www.visitbondibeach.com/bondi-blog/tag/bondi+salties,/bondi-blog/tag/bondi+salties,tag,blog,"review (likely noindex,follow)",,0.5,0,Requires manual review — noindex or consolidate (thin auto-taxonomy); preserve any with backlinks,
https://www.visitbondibeach.com/bondi-blog/tag/gwyneth+paltrow,/bondi-blog/tag/gwyneth+paltrow,tag,blog,"review (likely noindex,follow)",,0.5,0,Requires manual review — noindex or consolidate (thin auto-taxonomy); preserve any with backlinks,
https://www.visitbondibeach.com/bondi-blog/tag/expat,/bondi-blog/tag/expat,tag,blog,"review (likely noindex,follow)",,0.5,0,Requires manual review — noindex or consolidate (thin auto-taxonomy); preserve any with backlinks,
https://www.visitbondibeach.com/bondi-blog/tag/best+restaruants,/bondi-blog/tag/best+restaruants,tag,blog,"review (likely noindex,follow)",,0.5,0,Requires manual review — noindex or consolidate (thin auto-taxonomy); preserve any with backlinks,
https://www.visitbondibeach.com/bondi-blog/tag/pasta,/bondi-blog/tag/pasta,tag,blog,"review (likely noindex,follow)",,0.5,0,Requires manual review — noindex or consolidate (thin auto-taxonomy); preserve any with backlinks,
https://www.visitbondibeach.com/bondi-blog/tag/kids+activities,/bondi-blog/tag/kids+activities,tag,blog,"review (likely noindex,follow)",,0.5,0,Requires manual review — noindex or consolidate (thin auto-taxonomy); preserve any with backlinks,
https://www.visitbondibeach.com/bondi-blog/tag/public+access,/bondi-blog/tag/public+access,tag,blog,"review (likely noindex,follow)",,0.5,0,Requires manual review — noindex or consolidate (thin auto-taxonomy); preserve any with backlinks,
https://www.visitbondibeach.com/bondi-blog/tag/blake+snake,/bondi-blog/tag/blake+snake,tag,blog,"review (likely noindex,follow)",,0.5,0,Requires manual review — noindex or consolidate (thin auto-taxonomy); preserve any with backlinks,
https://www.visitbondibeach.com/bondi-blog/tag/live,/bondi-blog/tag/live,tag,blog,"review (likely noindex,follow)",,0.5,0,Requires manual review — noindex or consolidate (thin auto-taxonomy); preserve any with backlinks,
https://www.visitbondibeach.com/bondi-blog/tag/bondi+history,/bondi-blog/tag/bondi+history,tag,blog,"review (likely noindex,follow)",,0.5,0,Requires manual review — noindex or consolidate (thin auto-taxonomy); preserve any with backlinks,
https://www.visitbondibeach.com/bondi-blog/tag/tottis,/bondi-blog/tag/tottis,tag,blog,"review (likely noindex,follow)",,0.5,0,Requires manual review — noindex or consolidate (thin auto-taxonomy); preserve any with backlinks,
https://www.visitbondibeach.com/bondi-blog/tag/hours,/bondi-blog/tag/hours,tag,blog,"review (likely noindex,follow)",,0.5,0,Requires manual review — noindex or consolidate (thin auto-taxonomy); preserve any with backlinks,
https://www.visitbondibeach.com/bondi-blog/tag/new+years+day,/bondi-blog/tag/new+years+day,tag,blog,"review (likely noindex,follow)",,0.5,0,Requires manual review — noindex or consolidate (thin auto-taxonomy); preserve any with backlinks,
https://www.visitbondibeach.com/bondi-blog/tag/football,/bondi-blog/tag/football,tag,blog,"review (likely noindex,follow)",,0.5,0,Requires manual review — noindex or consolidate (thin auto-taxonomy); preserve any with backlinks,
https://www.visitbondibeach.com/bondi-blog/tag/sydney+tour,/bondi-blog/tag/sydney+tour,tag,blog,"review (likely noindex,follow)",,0.5,0,Requires manual review — noindex or consolidate (thin auto-taxonomy); preserve any with backlinks,
https://www.visitbondibeach.com/bondi-blog/tag/dinner,/bondi-blog/tag/dinner,tag,blog,"review (likely noindex,follow)",,0.5,0,Requires manual review — noindex or consolidate (thin auto-taxonomy); preserve any with backlinks,
https://www.visitbondibeach.com/bondi-blog/tag/bars,/bondi-blog/tag/bars,tag,blog,"review (likely noindex,follow)",,0.5,0,Requires manual review — noindex or consolidate (thin auto-taxonomy); preserve any with backlinks,
https://www.visitbondibeach.com/bondi-blog/tag/ocean+pool,/bondi-blog/tag/ocean+pool,tag,blog,"review (likely noindex,follow)",,0.5,0,Requires manual review — noindex or consolidate (thin auto-taxonomy); preserve any with backlinks,
https://www.visitbondibeach.com/bondi-blog/tag/car+parking,/bondi-blog/tag/car+parking,tag,blog,"review (likely noindex,follow)",,0.5,0,Requires manual review — noindex or consolidate (thin auto-taxonomy); preserve any with backlinks,
https://www.visitbondibeach.com/bondi-blog/tag/bondi+snake,/bondi-blog/tag/bondi+snake,tag,blog,"review (likely noindex,follow)",,0.5,0,Requires manual review — noindex or consolidate (thin auto-taxonomy); preserve any with backlinks,
https://www.visitbondibeach.com/bondi-blog/tag/manly+beach,/bondi-blog/tag/manly+beach,tag,blog,"review (likely noindex,follow)",,0.5,0,Requires manual review — noindex or consolidate (thin auto-taxonomy); preserve any with backlinks,
https://www.visitbondibeach.com/bondi-blog/tag/beach,/bondi-blog/tag/beach,tag,blog,"review (likely noindex,follow)",,0.5,0,Requires manual review — noindex or consolidate (thin auto-taxonomy); preserve any with backlinks,
https://www.visitbondibeach.com/bondi-blog/tag/coffee,/bondi-blog/tag/coffee,tag,blog,"review (likely noindex,follow)",,0.5,0,Requires manual review — noindex or consolidate (thin auto-taxonomy); preserve any with backlinks,
https://www.visitbondibeach.com/bondi-blog/tag/goop,/bondi-blog/tag/goop,tag,blog,"review (likely noindex,follow)",,0.5,0,Requires manual review — noindex or consolidate (thin auto-taxonomy); preserve any with backlinks,
https://www.visitbondibeach.com/bondi-blog/tag/family,/bondi-blog/tag/family,tag,blog,"review (likely noindex,follow)",,0.5,0,Requires manual review — noindex or consolidate (thin auto-taxonomy); preserve any with backlinks,
https://www.visitbondibeach.com/bondi-blog/tag/pub,/bondi-blog/tag/pub,tag,blog,"review (likely noindex,follow)",,0.5,0,Requires manual review — noindex or consolidate (thin auto-taxonomy); preserve any with backlinks,
https://www.visitbondibeach.com/bondi-blog/tag/orphan+christmas+sydney,/bondi-blog/tag/orphan+christmas+sydney,tag,blog,"review (likely noindex,follow)",,0.5,0,Requires manual review — noindex or consolidate (thin auto-taxonomy); preserve any with backlinks,
https://www.visitbondibeach.com/bondi-blog/tag/kids+eat+free,/bondi-blog/tag/kids+eat+free,tag,blog,"review (likely noindex,follow)",,0.5,0,Requires manual review — noindex or consolidate (thin auto-taxonomy); preserve any with backlinks,
https://www.visitbondibeach.com/bondi-blog/tag/parking,/bondi-blog/tag/parking,tag,blog,"review (likely noindex,follow)",,0.5,0,Requires manual review — noindex or consolidate (thin auto-taxonomy); preserve any with backlinks,
https://www.visitbondibeach.com/bondi-blog/tag/best+cafe,/bondi-blog/tag/best+cafe,tag,blog,"review (likely noindex,follow)",,0.5,0,Requires manual review — noindex or consolidate (thin auto-taxonomy); preserve any with backlinks,
https://www.visitbondibeach.com/bondi-blog/tag/bondi+rescue,/bondi-blog/tag/bondi+rescue,tag,blog,"review (likely noindex,follow)",,0.5,0,Requires manual review — noindex or consolidate (thin auto-taxonomy); preserve any with backlinks,
https://www.visitbondibeach.com/bondi-blog/tag/flatmate,/bondi-blog/tag/flatmate,tag,blog,"review (likely noindex,follow)",,0.5,0,Requires manual review — noindex or consolidate (thin auto-taxonomy); preserve any with backlinks,
https://www.visitbondibeach.com/bondi-blog/tag/cold+pool,/bondi-blog/tag/cold+pool,tag,blog,"review (likely noindex,follow)",,0.5,0,Requires manual review — noindex or consolidate (thin auto-taxonomy); preserve any with backlinks,
https://www.visitbondibeach.com/bondi-blog/tag/children,/bondi-blog/tag/children,tag,blog,"review (likely noindex,follow)",,0.5,0,Requires manual review — noindex or consolidate (thin auto-taxonomy); preserve any with backlinks,
https://www.visitbondibeach.com/bondi-blog/tag/safety,/bondi-blog/tag/safety,tag,blog,"review (likely noindex,follow)",,0.5,0,Requires manual review — noindex or consolidate (thin auto-taxonomy); preserve any with backlinks,
https://www.visitbondibeach.com/bondi-blog/tag/bondi+transport,/bondi-blog/tag/bondi+transport,tag,blog,"review (likely noindex,follow)",,0.5,0,Requires manual review — noindex or consolidate (thin auto-taxonomy); preserve any with backlinks,
https://www.visitbondibeach.com/bondi-blog/tag/blair+st,/bondi-blog/tag/blair+st,tag,blog,"review (likely noindex,follow)",,0.5,0,Requires manual review — noindex or consolidate (thin auto-taxonomy); preserve any with backlinks,
https://www.visitbondibeach.com/bondi-blog/tag/weather,/bondi-blog/tag/weather,tag,blog,"review (likely noindex,follow)",,0.5,0,Requires manual review — noindex or consolidate (thin auto-taxonomy); preserve any with backlinks,
https://www.visitbondibeach.com/bondi-blog/tag/guide,/bondi-blog/tag/guide,tag,blog,"review (likely noindex,follow)",,0.5,0,Requires manual review — noindex or consolidate (thin auto-taxonomy); preserve any with backlinks,
https://www.visitbondibeach.com/bondi-blog/tag/epl,/bondi-blog/tag/epl,tag,blog,"review (likely noindex,follow)",,0.5,0,Requires manual review — noindex or consolidate (thin auto-taxonomy); preserve any with backlinks,
https://www.visitbondibeach.com/bondi-blog/tag/city2surf,/bondi-blog/tag/city2surf,tag,blog,"review (likely noindex,follow)",,0.5,0,Requires manual review — noindex or consolidate (thin auto-taxonomy); preserve any with backlinks,
https://www.visitbondibeach.com/bondi-blog/tag/sydney,/bondi-blog/tag/sydney,tag,blog,"review (likely noindex,follow)",,0.5,0,Requires manual review — noindex or consolidate (thin auto-taxonomy); preserve any with backlinks,
https://www.visitbondibeach.com/bondi-blog/tag/new+years+eve,/bondi-blog/tag/new+years+eve,tag,blog,"review (likely noindex,follow)",,0.5,0,Requires manual review — noindex or consolidate (thin auto-taxonomy); preserve any with backlinks,
https://www.visitbondibeach.com/bondi-blog/tag/gertrude+and+alice,/bondi-blog/tag/gertrude+and+alice,tag,blog,"review (likely noindex,follow)",,0.5,0,Requires manual review — noindex or consolidate (thin auto-taxonomy); preserve any with backlinks,
https://www.visitbondibeach.com/bondi-blog/tag/bondi+ocean+swims,/bondi-blog/tag/bondi+ocean+swims,tag,blog,"review (likely noindex,follow)",,0.5,0,Requires manual review — noindex or consolidate (thin auto-taxonomy); preserve any with backlinks,
https://www.visitbondibeach.com/bondi-blog/tag/swim+safety,/bondi-blog/tag/swim+safety,tag,blog,"review (likely noindex,follow)",,0.5,0,Requires manual review — noindex or consolidate (thin auto-taxonomy); preserve any with backlinks,
https://www.visitbondibeach.com/bondi-blog/tag/indoor,/bondi-blog/tag/indoor,tag,blog,"review (likely noindex,follow)",,0.5,0,Requires manual review — noindex or consolidate (thin auto-taxonomy); preserve any with backlinks,
https://www.visitbondibeach.com/bondi-blog/tag/cinnamon+scrolls,/bondi-blog/tag/cinnamon+scrolls,tag,blog,"review (likely noindex,follow)",,0.5,0,Requires manual review — noindex or consolidate (thin auto-taxonomy); preserve any with backlinks,
https://www.visitbondibeach.com/bondi-blog/tag/backpackers,/bondi-blog/tag/backpackers,tag,blog,"review (likely noindex,follow)",,0.5,0,Requires manual review — noindex or consolidate (thin auto-taxonomy); preserve any with backlinks,
https://www.visitbondibeach.com/bondi-blog/tag/school+holiday,/bondi-blog/tag/school+holiday,tag,blog,"review (likely noindex,follow)",,0.5,0,Requires manual review — noindex or consolidate (thin auto-taxonomy); preserve any with backlinks,
https://www.visitbondibeach.com/bondi-blog/tag/outdoor+exercise,/bondi-blog/tag/outdoor+exercise,tag,blog,"review (likely noindex,follow)",,0.5,0,Requires manual review — noindex or consolidate (thin auto-taxonomy); preserve any with backlinks,
https://www.visitbondibeach.com/bondi-blog/tag/irish,/bondi-blog/tag/irish,tag,blog,"review (likely noindex,follow)",,0.5,0,Requires manual review — noindex or consolidate (thin auto-taxonomy); preserve any with backlinks,
https://www.visitbondibeach.com/bondi-blog/tag/secret,/bondi-blog/tag/secret,tag,blog,"review (likely noindex,follow)",,0.5,0,Requires manual review — noindex or consolidate (thin auto-taxonomy); preserve any with backlinks,
https://www.visitbondibeach.com/bondi-blog/tag/summer,/bondi-blog/tag/summer,tag,blog,"review (likely noindex,follow)",,0.5,0,Requires manual review — noindex or consolidate (thin auto-taxonomy); preserve any with backlinks,
https://www.visitbondibeach.com/bondi-blog/tag/bondi+run,/bondi-blog/tag/bondi+run,tag,blog,"review (likely noindex,follow)",,0.5,0,Requires manual review — noindex or consolidate (thin auto-taxonomy); preserve any with backlinks,
https://www.visitbondibeach.com/bondi-blog/tag/barbecue,/bondi-blog/tag/barbecue,tag,blog,"review (likely noindex,follow)",,0.5,0,Requires manual review — noindex or consolidate (thin auto-taxonomy); preserve any with backlinks,
https://www.visitbondibeach.com/bondi-blog/tag/surf+cam,/bondi-blog/tag/surf+cam,tag,blog,"review (likely noindex,follow)",,0.5,0,Requires manual review — noindex or consolidate (thin auto-taxonomy); preserve any with backlinks,
https://www.visitbondibeach.com/bondi-blog/tag/fall,/bondi-blog/tag/fall,tag,blog,"review (likely noindex,follow)",,0.5,0,Requires manual review — noindex or consolidate (thin auto-taxonomy); preserve any with backlinks,
https://www.visitbondibeach.com/bondi-blog/tag/bronte,/bondi-blog/tag/bronte,tag,blog,"review (likely noindex,follow)",,0.5,0,Requires manual review — noindex or consolidate (thin auto-taxonomy); preserve any with backlinks,
https://www.visitbondibeach.com/bondi-blog/tag/travel+tips,/bondi-blog/tag/travel+tips,tag,blog,"review (likely noindex,follow)",,0.5,0,Requires manual review — noindex or consolidate (thin auto-taxonomy); preserve any with backlinks,
https://www.visitbondibeach.com/bondi-blog/tag/bronte+christmas,/bondi-blog/tag/bronte+christmas,tag,blog,"review (likely noindex,follow)",,0.5,0,Requires manual review — noindex or consolidate (thin auto-taxonomy); preserve any with backlinks,
https://www.visitbondibeach.com/bondi-blog/tag/travel+guide,/bondi-blog/tag/travel+guide,tag,blog,"review (likely noindex,follow)",,0.5,0,Requires manual review — noindex or consolidate (thin auto-taxonomy); preserve any with backlinks,
https://www.visitbondibeach.com/bondi-blog/tag/coffee+in+bondi,/bondi-blog/tag/coffee+in+bondi,tag,blog,"review (likely noindex,follow)",,0.5,0,Requires manual review — noindex or consolidate (thin auto-taxonomy); preserve any with backlinks,
https://www.visitbondibeach.com/bondi-blog/tag/snorkel,/bondi-blog/tag/snorkel,tag,blog,"review (likely noindex,follow)",,0.5,0,Requires manual review — noindex or consolidate (thin auto-taxonomy); preserve any with backlinks,
https://www.visitbondibeach.com/bondi-blog/tag/restaurant,/bondi-blog/tag/restaurant,tag,blog,"review (likely noindex,follow)",,0.5,0,Requires manual review — noindex or consolidate (thin auto-taxonomy); preserve any with backlinks,
https://www.visitbondibeach.com/bondi-blog/tag/bondi+swim+race,/bondi-blog/tag/bondi+swim+race,tag,blog,"review (likely noindex,follow)",,0.5,0,Requires manual review — noindex or consolidate (thin auto-taxonomy); preserve any with backlinks,
https://www.visitbondibeach.com/bondi-blog/tag/vegan,/bondi-blog/tag/vegan,tag,blog,"review (likely noindex,follow)",,0.5,0,Requires manual review — noindex or consolidate (thin auto-taxonomy); preserve any with backlinks,
https://www.visitbondibeach.com/bondi-blog/tag/cheap,/bondi-blog/tag/cheap,tag,blog,"review (likely noindex,follow)",,0.5,0,Requires manual review — noindex or consolidate (thin auto-taxonomy); preserve any with backlinks,
https://www.visitbondibeach.com/bondi-blog/tag/sydney+marathon+family,/bondi-blog/tag/sydney+marathon+family,tag,blog,"review (likely noindex,follow)",,0.5,0,Requires manual review — noindex or consolidate (thin auto-taxonomy); preserve any with backlinks,
https://www.visitbondibeach.com/bondi-blog/tag/bronte+safety,/bondi-blog/tag/bronte+safety,tag,blog,"review (likely noindex,follow)",,0.5,0,Requires manual review — noindex or consolidate (thin auto-taxonomy); preserve any with backlinks,
https://www.visitbondibeach.com/bondi-blog/tag/free+parking,/bondi-blog/tag/free+parking,tag,blog,"review (likely noindex,follow)",,0.5,0,Requires manual review — noindex or consolidate (thin auto-taxonomy); preserve any with backlinks,
https://www.visitbondibeach.com/bondi-blog/tag/travel,/bondi-blog/tag/travel,tag,blog,"review (likely noindex,follow)",,0.5,0,Requires manual review — noindex or consolidate (thin auto-taxonomy); preserve any with backlinks,
https://www.visitbondibeach.com/bondi-blog/tag/bondi+to+bronte,/bondi-blog/tag/bondi+to+bronte,tag,blog,"review (likely noindex,follow)",,0.5,0,Requires manual review — noindex or consolidate (thin auto-taxonomy); preserve any with backlinks,
https://www.visitbondibeach.com/bondi-blog/tag/patrols,/bondi-blog/tag/patrols,tag,blog,"review (likely noindex,follow)",,0.5,0,Requires manual review — noindex or consolidate (thin auto-taxonomy); preserve any with backlinks,
https://www.visitbondibeach.com/bondi-blog/tag/daylight+saving,/bondi-blog/tag/daylight+saving,tag,blog,"review (likely noindex,follow)",,0.5,0,Requires manual review — noindex or consolidate (thin auto-taxonomy); preserve any with backlinks,
https://www.visitbondibeach.com/bondi-blog/tag/el+nino,/bondi-blog/tag/el+nino,tag,blog,"review (likely noindex,follow)",,0.5,0,Requires manual review — noindex or consolidate (thin auto-taxonomy); preserve any with backlinks,
https://www.visitbondibeach.com/bondi-blog/tag/ocean+swimming,/bondi-blog/tag/ocean+swimming,tag,blog,"review (likely noindex,follow)",,0.5,0,Requires manual review — noindex or consolidate (thin auto-taxonomy); preserve any with backlinks,
https://www.visitbondibeach.com/bondi-blog/tag/booking,/bondi-blog/tag/booking,tag,blog,"review (likely noindex,follow)",,0.5,0,Requires manual review — noindex or consolidate (thin auto-taxonomy); preserve any with backlinks,
https://www.visitbondibeach.com/bondi-blog/tag/hostel,/bondi-blog/tag/hostel,tag,blog,"review (likely noindex,follow)",,0.5,0,Requires manual review — noindex or consolidate (thin auto-taxonomy); preserve any with backlinks,
https://www.visitbondibeach.com/bondi-blog/tag/bondi+travel,/bondi-blog/tag/bondi+travel,tag,blog,"review (likely noindex,follow)",,0.5,0,Requires manual review — noindex or consolidate (thin auto-taxonomy); preserve any with backlinks,
https://www.visitbondibeach.com/bondi-blog/tag/sydney+marathon,/bondi-blog/tag/sydney+marathon,tag,blog,"review (likely noindex,follow)",,0.5,0,Requires manual review — noindex or consolidate (thin auto-taxonomy); preserve any with backlinks,
https://www.visitbondibeach.com/bondi-blog/tag/hidden+gems,/bondi-blog/tag/hidden+gems,tag,blog,"review (likely noindex,follow)",,0.5,0,Requires manual review — noindex or consolidate (thin auto-taxonomy); preserve any with backlinks,
https://www.visitbondibeach.com/bondi-blog/tag/housemate,/bondi-blog/tag/housemate,tag,blog,"review (likely noindex,follow)",,0.5,0,Requires manual review — noindex or consolidate (thin auto-taxonomy); preserve any with backlinks,
https://www.visitbondibeach.com/bondi-blog/tag/tours,/bondi-blog/tag/tours,tag,blog,"review (likely noindex,follow)",,0.5,0,Requires manual review — noindex or consolidate (thin auto-taxonomy); preserve any with backlinks,
https://www.visitbondibeach.com/bondi-blog/tag/airbnb,/bondi-blog/tag/airbnb,tag,blog,"review (likely noindex,follow)",,0.5,0,Requires manual review — noindex or consolidate (thin auto-taxonomy); preserve any with backlinks,
https://www.visitbondibeach.com/bondi-blog/tag/ice+cream,/bondi-blog/tag/ice+cream,tag,blog,"review (likely noindex,follow)",,0.5,0,Requires manual review — noindex or consolidate (thin auto-taxonomy); preserve any with backlinks,
https://www.visitbondibeach.com/bondi-blog/tag/whale,/bondi-blog/tag/whale,tag,blog,"review (likely noindex,follow)",,0.5,0,Requires manual review — noindex or consolidate (thin auto-taxonomy); preserve any with backlinks,
https://www.visitbondibeach.com/bondi-blog/tag/bondi+beach,/bondi-blog/tag/bondi+beach,tag,blog,"review (likely noindex,follow)",,0.5,0,Requires manual review — noindex or consolidate (thin auto-taxonomy); preserve any with backlinks,
https://www.visitbondibeach.com/bondi-blog/tag/lifeguards,/bondi-blog/tag/lifeguards,tag,blog,"review (likely noindex,follow)",,0.5,0,Requires manual review — noindex or consolidate (thin auto-taxonomy); preserve any with backlinks,
https://www.visitbondibeach.com/bondi-blog/tag/440+run+club,/bondi-blog/tag/440+run+club,tag,blog,"review (likely noindex,follow)",,0.5,0,Requires manual review — noindex or consolidate (thin auto-taxonomy); preserve any with backlinks,
https://www.visitbondibeach.com/bondi-blog/tag/christmas+lights,/bondi-blog/tag/christmas+lights,tag,blog,"review (likely noindex,follow)",,0.5,0,Requires manual review — noindex or consolidate (thin auto-taxonomy); preserve any with backlinks,
https://www.visitbondibeach.com/bondi-blog/tag/bondi+weather,/bondi-blog/tag/bondi+weather,tag,blog,"review (likely noindex,follow)",,0.5,0,Requires manual review — noindex or consolidate (thin auto-taxonomy); preserve any with backlinks,
https://www.visitbondibeach.com/bondi-blog/tag/closure,/bondi-blog/tag/closure,tag,blog,"review (likely noindex,follow)",,0.5,0,Requires manual review — noindex or consolidate (thin auto-taxonomy); preserve any with backlinks,
https://www.visitbondibeach.com/bondi-blog/tag/bondi,/bondi-blog/tag/bondi,tag,blog,"review (likely noindex,follow)",,0.5,0,Requires manual review — noindex or consolidate (thin auto-taxonomy); preserve any with backlinks,
https://www.visitbondibeach.com/bondi-blog/tag/rain,/bondi-blog/tag/rain,tag,blog,"review (likely noindex,follow)",,0.5,0,Requires manual review — noindex or consolidate (thin auto-taxonomy); preserve any with backlinks,
https://www.visitbondibeach.com/bondi-blog/tag/acitivities,/bondi-blog/tag/acitivities,tag,blog,"review (likely noindex,follow)",,0.5,0,Requires manual review — noindex or consolidate (thin auto-taxonomy); preserve any with backlinks,
https://www.visitbondibeach.com/bondi-blog/tag/foodie,/bondi-blog/tag/foodie,tag,blog,"review (likely noindex,follow)",,0.5,0,Requires manual review — noindex or consolidate (thin auto-taxonomy); preserve any with backlinks,
https://www.visitbondibeach.com/bondi-blog/tag/Bondi+Icebergs,/bondi-blog/tag/Bondi+Icebergs,tag,blog,"review (likely noindex,follow)",,0.5,0,Requires manual review — noindex or consolidate (thin auto-taxonomy); preserve any with backlinks,case-sensitive URL: preserve capitalization exactly
https://www.visitbondibeach.com/bondi-blog/tag/christmas,/bondi-blog/tag/christmas,tag,blog,"review (likely noindex,follow)",,0.5,0,Requires manual review — noindex or consolidate (thin auto-taxonomy); preserve any with backlinks,
https://www.visitbondibeach.com/bondi-blog/tag/experiences,/bondi-blog/tag/experiences,tag,blog,"review (likely noindex,follow)",,0.5,0,Requires manual review — noindex or consolidate (thin auto-taxonomy); preserve any with backlinks,
https://www.visitbondibeach.com/bondi-blog/tag/coastal+walk,/bondi-blog/tag/coastal+walk,tag,blog,"review (likely noindex,follow)",,0.5,0,Requires manual review — noindex or consolidate (thin auto-taxonomy); preserve any with backlinks,
https://www.visitbondibeach.com/bondi-blog/tag/bondi+local+loop,/bondi-blog/tag/bondi+local+loop,tag,blog,"review (likely noindex,follow)",,0.5,0,Requires manual review — noindex or consolidate (thin auto-taxonomy); preserve any with backlinks,
https://www.visitbondibeach.com/bondi-blog/tag/heartbreak+hill,/bondi-blog/tag/heartbreak+hill,tag,blog,"review (likely noindex,follow)",,0.5,0,Requires manual review — noindex or consolidate (thin auto-taxonomy); preserve any with backlinks,
https://www.visitbondibeach.com/bondi-blog/tag/bondi+matcha,/bondi-blog/tag/bondi+matcha,tag,blog,"review (likely noindex,follow)",,0.5,0,Requires manual review — noindex or consolidate (thin auto-taxonomy); preserve any with backlinks,
https://www.visitbondibeach.com/bondi-blog/tag/council,/bondi-blog/tag/council,tag,blog,"review (likely noindex,follow)",,0.5,0,Requires manual review — noindex or consolidate (thin auto-taxonomy); preserve any with backlinks,
https://www.visitbondibeach.com/bondi-blog/tag/cinnamon+scrolls+bondi,/bondi-blog/tag/cinnamon+scrolls+bondi,tag,blog,"review (likely noindex,follow)",,0.5,0,Requires manual review — noindex or consolidate (thin auto-taxonomy); preserve any with backlinks,
https://www.visitbondibeach.com/bondi-blog/tag/beginner+running+tips,/bondi-blog/tag/beginner+running+tips,tag,blog,"review (likely noindex,follow)",,0.5,0,Requires manual review — noindex or consolidate (thin auto-taxonomy); preserve any with backlinks,
https://www.visitbondibeach.com/bondi-blog/tag/orphan+christmas,/bondi-blog/tag/orphan+christmas,tag,blog,"review (likely noindex,follow)",,0.5,0,Requires manual review — noindex or consolidate (thin auto-taxonomy); preserve any with backlinks,
https://www.visitbondibeach.com/bondi-blog/tag/winter,/bondi-blog/tag/winter,tag,blog,"review (likely noindex,follow)",,0.5,0,Requires manual review — noindex or consolidate (thin auto-taxonomy); preserve any with backlinks,
https://www.visitbondibeach.com/bondi-blog/tag/clovelly,/bondi-blog/tag/clovelly,tag,blog,"review (likely noindex,follow)",,0.5,0,Requires manual review — noindex or consolidate (thin auto-taxonomy); preserve any with backlinks,
https://www.visitbondibeach.com/bondi-blog/tag/best+coffee+in+bondi,/bondi-blog/tag/best+coffee+in+bondi,tag,blog,"review (likely noindex,follow)",,0.5,0,Requires manual review — noindex or consolidate (thin auto-taxonomy); preserve any with backlinks,
https://www.visitbondibeach.com/bondi-blog/tag/recovery,/bondi-blog/tag/recovery,tag,blog,"review (likely noindex,follow)",,0.5,0,Requires manual review — noindex or consolidate (thin auto-taxonomy); preserve any with backlinks,
https://www.visitbondibeach.com/bondi-blog/tag/uber,/bondi-blog/tag/uber,tag,blog,"review (likely noindex,follow)",,0.5,0,Requires manual review — noindex or consolidate (thin auto-taxonomy); preserve any with backlinks,
https://www.visitbondibeach.com/bondi-blog/tag/bondi+junction,/bondi-blog/tag/bondi+junction,tag,blog,"review (likely noindex,follow)",,0.5,0,Requires manual review — noindex or consolidate (thin auto-taxonomy); preserve any with backlinks,
https://www.visitbondibeach.com/bondi-blog/tag/bondi+guide,/bondi-blog/tag/bondi+guide,tag,blog,"review (likely noindex,follow)",,0.5,0,Requires manual review — noindex or consolidate (thin auto-taxonomy); preserve any with backlinks,
https://www.visitbondibeach.com/bondi-blog/tag/running,/bondi-blog/tag/running,tag,blog,"review (likely noindex,follow)",,0.5,0,Requires manual review — noindex or consolidate (thin auto-taxonomy); preserve any with backlinks,
https://www.visitbondibeach.com/bondi-blog/tag/surf+lesson,/bondi-blog/tag/surf+lesson,tag,blog,"review (likely noindex,follow)",,0.5,0,Requires manual review — noindex or consolidate (thin auto-taxonomy); preserve any with backlinks,
https://www.visitbondibeach.com/bondi-blog/tag/bondi+beach+festival,/bondi-blog/tag/bondi+beach+festival,tag,blog,"review (likely noindex,follow)",,0.5,0,Requires manual review — noindex or consolidate (thin auto-taxonomy); preserve any with backlinks,
https://www.visitbondibeach.com/bondi-blog/tag/waverley+park,/bondi-blog/tag/waverley+park,tag,blog,"review (likely noindex,follow)",,0.5,0,Requires manual review — noindex or consolidate (thin auto-taxonomy); preserve any with backlinks,
https://www.visitbondibeach.com/bondi-blog/tag/playground,/bondi-blog/tag/playground,tag,blog,"review (likely noindex,follow)",,0.5,0,Requires manual review — noindex or consolidate (thin auto-taxonomy); preserve any with backlinks,
https://www.visitbondibeach.com/bondi-blog/tag/ranked,/bondi-blog/tag/ranked,tag,blog,"review (likely noindex,follow)",,0.5,0,Requires manual review — noindex or consolidate (thin auto-taxonomy); preserve any with backlinks,
https://www.visitbondibeach.com/bondi-blog/tag/coffee+shops,/bondi-blog/tag/coffee+shops,tag,blog,"review (likely noindex,follow)",,0.5,0,Requires manual review — noindex or consolidate (thin auto-taxonomy); preserve any with backlinks,
https://www.visitbondibeach.com/bondi-blog/tag/training+for+bondi+to+bronte,/bondi-blog/tag/training+for+bondi+to+bronte,tag,blog,"review (likely noindex,follow)",,0.5,0,Requires manual review — noindex or consolidate (thin auto-taxonomy); preserve any with backlinks,
https://www.visitbondibeach.com/bondi-blog/tag/coogee,/bondi-blog/tag/coogee,tag,blog,"review (likely noindex,follow)",,0.5,0,Requires manual review — noindex or consolidate (thin auto-taxonomy); preserve any with backlinks,
https://www.visitbondibeach.com/bondi-blog/tag/sydney+running,/bondi-blog/tag/sydney+running,tag,blog,"review (likely noindex,follow)",,0.5,0,Requires manual review — noindex or consolidate (thin auto-taxonomy); preserve any with backlinks,
https://www.visitbondibeach.com/bondi-blog/tag/sydney+marathon+recovery,/bondi-blog/tag/sydney+marathon+recovery,tag,blog,"review (likely noindex,follow)",,0.5,0,Requires manual review — noindex or consolidate (thin auto-taxonomy); preserve any with backlinks,
https://www.visitbondibeach.com/bondi-blog/tag/xmas,/bondi-blog/tag/xmas,tag,blog,"review (likely noindex,follow)",,0.5,0,Requires manual review — noindex or consolidate (thin auto-taxonomy); preserve any with backlinks,
https://www.visitbondibeach.com/bondi-blog/tag/transport,/bondi-blog/tag/transport,tag,blog,"review (likely noindex,follow)",,0.5,0,Requires manual review — noindex or consolidate (thin auto-taxonomy); preserve any with backlinks,
https://www.visitbondibeach.com/bondi-blog/tag/bondi+christmas,/bondi-blog/tag/bondi+christmas,tag,blog,"review (likely noindex,follow)",,0.5,0,Requires manual review — noindex or consolidate (thin auto-taxonomy); preserve any with backlinks,
https://www.visitbondibeach.com/bondi-blog/tag/livestream,/bondi-blog/tag/livestream,tag,blog,"review (likely noindex,follow)",,0.5,0,Requires manual review — noindex or consolidate (thin auto-taxonomy); preserve any with backlinks,
https://www.visitbondibeach.com/bondi-blog/tag/whale+watching,/bondi-blog/tag/whale+watching,tag,blog,"review (likely noindex,follow)",,0.5,0,Requires manual review — noindex or consolidate (thin auto-taxonomy); preserve any with backlinks,
https://www.visitbondibeach.com/bondi-blog/tag/activities,/bondi-blog/tag/activities,tag,blog,"review (likely noindex,follow)",,0.5,0,Requires manual review — noindex or consolidate (thin auto-taxonomy); preserve any with backlinks,
https://www.visitbondibeach.com/bondi-blog/tag/accommodation,/bondi-blog/tag/accommodation,tag,blog,"review (likely noindex,follow)",,0.5,0,Requires manual review — noindex or consolidate (thin auto-taxonomy); preserve any with backlinks,
https://www.visitbondibeach.com/bondi-blog/tag/beach+etiquette,/bondi-blog/tag/beach+etiquette,tag,blog,"review (likely noindex,follow)",,0.5,0,Requires manual review — noindex or consolidate (thin auto-taxonomy); preserve any with backlinks,
https://www.visitbondibeach.com/bondi-blog/tag/backpacker+christmas,/bondi-blog/tag/backpacker+christmas,tag,blog,"review (likely noindex,follow)",,0.5,0,Requires manual review — noindex or consolidate (thin auto-taxonomy); preserve any with backlinks,
https://www.visitbondibeach.com/bondi-blog/tag/nye,/bondi-blog/tag/nye,tag,blog,"review (likely noindex,follow)",,0.5,0,Requires manual review — noindex or consolidate (thin auto-taxonomy); preserve any with backlinks,
https://www.visitbondibeach.com/bondi-blog/tag/walk,/bondi-blog/tag/walk,tag,blog,"review (likely noindex,follow)",,0.5,0,Requires manual review — noindex or consolidate (thin auto-taxonomy); preserve any with backlinks,
https://www.visitbondibeach.com/bondi-blog/tag/sydney+marathon+shakeout,/bondi-blog/tag/sydney+marathon+shakeout,tag,blog,"review (likely noindex,follow)",,0.5,0,Requires manual review — noindex or consolidate (thin auto-taxonomy); preserve any with backlinks,
https://www.visitbondibeach.com/where-to-swim-at-bondi-beach,/where-to-swim-at-bondi-beach,core-page,core,indexable,2023-12-28,0.75,3,Keep unchanged,
https://www.visitbondibeach.com/visit-bondi-beach,/visit-bondi-beach,core-page,core,indexable,2023-04-15,0.75,2,Keep unchanged,
https://www.visitbondibeach.com/tours,/tours,core-page,core,indexable,2023-08-10,0.75,4,Keep unchanged,
https://www.visitbondibeach.com/accommodation,/accommodation,core-page,core,indexable,2025-10-18,0.75,1,Keep unchanged,
https://www.visitbondibeach.com/adstxt,/adstxt,core-page,core,indexable,2023-08-01,0.75,0,Keep unchanged,
https://www.visitbondibeach.com/bondi-icebergs,/bondi-icebergs,core-page,core,indexable,2024-01-22,0.75,2,Keep unchanged,
https://www.visitbondibeach.com/visit-bondi-beach-guide,/visit-bondi-beach-guide,core-page,core,indexable,2026-01-14,1.0,7,Keep unchanged,
